date,open,high,low,close,volume,amount,return
2018-01-03,4.136,4.186,4.132,4.158,126793328,527466330,0.005319148936170359
2018-01-04,4.158,4.18,4.15,4.171,92220709,384082441,0.0031265031265030885
2018-01-05,4.179,4.197,4.165,4.187,127131673,531271769,0.0038360105490289342
2018-01-08,4.186,4.214,4.173,4.204,105696705,443371348,0.004060186290900214
2018-01-09,4.204,4.241,4.197,4.238,107946072,455234072,0.008087535680304736
2018-01-10,4.234,4.26,4.221,4.256,144965698,614504154,0.004247286455875354
2018-01-11,4.249,4.256,4.232,4.25,98475059,417892590,-0.0014097744360902498
2018-01-12,4.25,4.277,4.245,4.273,103574919,441244227,0.005411764705882227
2018-01-15,4.273,4.31,4.261,4.265,157364726,674167931,-0.0018722209220688457
2018-01-16,4.265,4.311,4.26,4.308,123183954,528244298,0.010082063305978828
2018-01-17,4.309,4.327,4.281,4.295,158939722,684342130,-0.003017641597028775
2018-01-18,4.301,4.336,4.298,4.323,125086310,540068089,0.006519208381839503
2018-01-19,4.325,4.365,4.322,4.335,218506460,948695895,0.002775850104094202
2018-01-22,4.322,4.393,4.322,4.39,139873365,609570931,0.012687427912341231
2018-01-23,4.353,4.389,4.35,4.388,158466266,692085166,-0.0004555808656035998
2018-01-24,4.388,4.4,4.356,4.391,161345725,707011909,0.0006836827711942384
2018-01-25,4.388,4.39,4.341,4.363,154871983,675877088,-0.006376679571851396
2018-01-26,4.35,4.414,4.345,4.385,98413154,431465307,0.005042402016960601
2018-01-29,4.395,4.4,4.291,4.302,214053187,928592912,-0.0189281641961232
2018-01-30,4.292,4.31,4.255,4.258,161687140,692033502,-0.010227801022779981
2018-01-31,4.246,4.286,4.24,4.271,166736854,710282987,0.0030530765617660105
2018-02-01,4.27,4.288,4.216,4.241,439073590,1861964695,-0.007024116132053448
2018-02-02,4.21,4.273,4.188,4.267,212796141,900347625,0.0061306295684981915
2018-02-05,4.229,4.268,4.21,4.263,230839513,979154068,-0.0009374267635342548
2018-02-06,4.2,4.213,4.136,4.143,313173133,1306561662,-0.028149190710767047
2018-02-07,4.2,4.209,4.039,4.045,339517812,1400842660,-0.023654356746319105
2018-02-08,4.04,4.072,3.981,4.012,312348562,1257459010,-0.008158220024721996
2018-02-09,3.905,3.921,3.764,3.827,416837179,1597192107,-0.04611166500498498
2018-02-12,3.836,3.905,3.824,3.882,193558868,749100613,0.014371570420695035
2018-02-13,3.917,3.981,3.917,3.929,162462468,641207460,0.012107161257083998
2018-02-14,3.941,3.971,3.927,3.964,93035624,367327722,0.008908119114278579
2018-02-22,4.016,4.053,4.002,4.046,189064057,762189665,0.02068617558022212
2018-02-23,4.054,4.078,4.033,4.068,157657247,639724875,0.005437469105288972
2018-02-26,4.098,4.133,4.05,4.12,202772259,830732992,0.012782694198623545
2018-02-27,4.128,4.129,4.055,4.061,211823291,865489044,-0.014320388349514657
2018-02-28,4.028,4.055,3.995,4.02,239224566,962934464,-0.010096035459246533
2018-03-01,4.0,4.067,3.993,4.049,118636949,479103432,0.007213930348259012
2018-03-02,4.02,4.043,4.008,4.022,90614682,364642458,-0.006668313163744166
2018-03-05,4.025,4.049,3.99,4.013,96012470,385767882,-0.0022376926902040184
2018-03-06,4.042,4.074,3.997,4.073,133593823,539875126,0.014951407924246318
2018-03-07,4.07,4.093,4.031,4.04,139728541,568031944,-0.008102136017677508
2018-03-08,4.042,4.083,4.031,4.081,93207522,378638988,0.010148514851485269
2018-03-09,4.088,4.117,4.074,4.111,111687110,457659735,0.007351139426611031
2018-03-12,4.131,4.148,4.117,4.123,294989163,1217400451,0.0029189978107517778
2018-03-13,4.12,4.127,4.077,4.079,143512766,588518518,-0.01067184089255413
2018-03-14,4.07,4.085,4.061,4.065,120903364,492145660,-0.0034322137778866058
2018-03-15,4.06,4.098,4.052,4.095,100079431,408458352,0.007380073800737907
2018-03-16,4.09,4.105,4.049,4.05,88323264,360428554,-0.01098901098901095
2018-03-19,4.049,4.075,4.029,4.072,80902013,328421749,0.005432098765432158
2018-03-20,4.059,4.082,4.034,4.07,75493600,306450965,-0.0004911591355598599
2018-03-21,4.086,4.114,4.04,4.049,129100272,527036026,-0.005159705159705097
2018-03-22,4.056,4.069,4.003,4.013,98444017,396821608,-0.008891084218325629
2018-03-23,3.9,3.923,3.825,3.894,278976065,1086361137,-0.029653625716421605
2018-03-26,3.863,3.886,3.827,3.876,233957550,902528341,-0.0046224961479199855
2018-03-27,3.921,3.93,3.885,3.911,143793379,562269231,0.009029927760577872
2018-03-28,3.874,3.904,3.829,3.832,135099139,521665681,-0.020199437484019533
2018-03-29,3.847,3.919,3.793,3.902,193453972,746819665,0.018267223382046005
2018-03-30,3.903,3.915,3.878,3.896,92303130,359636705,-0.0015376729882112805
2018-04-02,3.897,3.936,3.88,3.883,177505995,693287261,-0.0033367556468172355
2018-04-03,3.859,3.878,3.837,3.858,140985282,543351694,-0.006438320885912896
2018-04-04,3.867,3.896,3.843,3.848,102878409,398759731,-0.0025920165889061764
2018-04-09,3.852,3.875,3.828,3.853,119199109,459331572,0.0012993762993764868
2018-04-10,3.857,3.929,3.853,3.928,159073409,618424472,0.019465351674020193
2018-04-11,3.938,3.957,3.926,3.933,136495500,537937545,0.001272912423625261
2018-04-12,3.932,3.938,3.891,3.892,96730312,378606246,-0.0104246122552758
2018-04-13,3.915,3.927,3.858,3.865,121246776,470493231,-0.006937307297019468
2018-04-16,3.858,3.87,3.791,3.804,114159639,436296437,-0.015782664941785374
2018-04-17,3.815,3.82,3.745,3.748,138299800,523630373,-0.014721345951629772
2018-04-18,3.781,3.795,3.71,3.756,212567660,796578445,0.002134471718249653
2018-04-19,3.765,3.819,3.764,3.809,171495153,651728801,0.01411075612353585
2018-04-20,3.797,3.81,3.743,3.75,163178579,615887355,-0.015489629824100848
2018-04-23,3.743,3.789,3.731,3.766,106409975,399919034,0.004266666666666641
2018-04-24,3.774,3.855,3.774,3.845,179486723,687344861,0.02097716409984063
2018-04-25,3.829,3.837,3.813,3.822,107213904,410074478,-0.005981794538361562
2018-04-26,3.827,3.834,3.74,3.746,127956877,482929627,-0.019884877027734227
2018-04-27,3.766,3.769,3.712,3.754,117876195,441623030,0.0021356113187400716
2018-05-02,3.77,3.789,3.741,3.766,113098000,425241655,0.003196590303676139
2018-05-03,3.756,3.802,3.731,3.788,150087441,565842658,0.005841741901221331
2018-05-04,3.786,3.799,3.764,3.77,111229369,420677781,-0.004751847940865805
2018-05-07,3.776,3.835,3.77,3.831,151975283,579308584,0.01618037135278505
2018-05-08,3.835,3.891,3.83,3.881,188264393,728175015,0.013051422605063978
2018-05-09,3.88,3.881,3.853,3.87,87267325,337422352,-0.002834321051275346
2018-05-10,3.881,3.898,3.862,3.896,99489112,386259701,0.006718346253229868
2018-05-11,3.903,3.91,3.869,3.873,85096764,330549504,-0.005903490759753494
2018-05-14,3.881,3.916,3.881,3.907,180928713,706411152,0.008778724502969126
2018-05-15,3.915,3.922,3.884,3.922,144488809,563948809,0.00383926286153069
2018-05-16,3.908,3.917,3.882,3.89,87803478,342418772,-0.008159102498725201
2018-05-17,3.892,3.897,3.856,3.857,83591034,323714465,-0.008483290488431883
2018-05-18,3.862,3.904,3.844,3.899,191679213,742237810,0.010889292196007316
2018-05-21,3.925,3.942,3.906,3.918,158257390,620802680,0.004873044370351298
2018-05-22,3.918,3.918,3.878,3.902,84688776,330057427,-0.0040837161817254275
2018-05-23,3.892,3.893,3.85,3.851,110004473,425876946,-0.013070220399794996
2018-05-24,3.85,3.86,3.816,3.82,121639995,466989765,-0.008049857179953324
2018-05-25,3.819,3.839,3.801,3.811,103168428,394358879,-0.0023560209424083878
2018-05-28,3.819,3.85,3.801,3.835,91613409,350526730,0.006297559695617849
2018-05-29,3.83,3.84,3.797,3.799,126385560,482554985,-0.009387222946545037
2018-05-30,3.762,3.767,3.726,3.727,144032281,539595347,-0.01895235588312716
2018-05-31,3.748,3.806,3.742,3.803,170193623,641624946,0.020391735980681558
2018-06-01,3.786,3.799,3.76,3.777,121025470,457363166,-0.00683670786221402
2018-06-04,3.797,3.818,3.784,3.814,126079681,479680888,0.009796134498279097
2018-06-05,3.81,3.85,3.803,3.846,104885997,401237873,0.008390141583639155
2018-06-06,3.841,3.849,3.831,3.839,83502820,320637990,-0.001820072802912187
2018-06-07,3.853,3.869,3.831,3.838,109814321,422900700,-0.0002604845011721091
2018-06-08,3.83,3.83,3.768,3.787,135333285,513530040,-0.013288170922355458
2018-06-11,3.771,3.805,3.77,3.797,76834934,291013492,0.0026406126221283355
2018-06-12,3.798,3.848,3.779,3.835,122168366,467011537,0.010007900974453365
2018-06-13,3.822,3.827,3.79,3.796,114881661,437627116,-0.01016949152542379
2018-06-14,3.785,3.821,3.776,3.786,137252556,520482488,-0.0026343519494204104
2018-06-15,3.78,3.802,3.76,3.78,130340300,492809287,-0.0015847860538827918
2018-06-19,3.755,3.755,3.611,3.65,351576108,1292738873,-0.03439153439153442
2018-06-20,3.637,3.667,3.605,3.65,249030285,904915505,0.0
2018-06-21,3.652,3.696,3.614,3.62,333719959,1221213656,-0.008219178082191747
2018-06-22,3.61,3.637,3.572,3.636,154260956,556599130,0.0044198895027625085
2018-06-25,3.648,3.654,3.584,3.585,115424451,417813386,-0.014026402640264113
2018-06-26,3.551,3.571,3.507,3.55,202340188,716286616,-0.009762900976290179
2018-06-27,3.553,3.56,3.457,3.466,200894524,702852611,-0.02366197183098584
2018-06-28,3.45,3.499,3.44,3.446,162531044,564116635,-0.0057703404500865085
2018-06-29,3.449,3.543,3.449,3.537,170604955,597021733,0.026407428903076013
2018-07-02,3.531,3.535,3.405,3.443,212198117,735873210,-0.02657619451512583
2018-07-03,3.442,3.453,3.349,3.43,361552434,1233354152,-0.0037757769387162243
2018-07-04,3.423,3.44,3.389,3.394,126890878,433275639,-0.010495626822157433
2018-07-05,3.395,3.427,3.36,3.366,172621249,584959041,-0.008249852681202152
2018-07-06,3.372,3.431,3.33,3.395,235437839,795708989,0.00861556743909686
2018-07-09,3.41,3.497,3.41,3.494,229957247,795175061,0.029160530191458145
2018-07-10,3.5,3.507,3.469,3.503,145734481,508628683,0.002575844304522068
2018-07-11,3.44,3.46,3.399,3.445,195431757,670565340,-0.016557236654296426
2018-07-12,3.443,3.546,3.441,3.528,208933958,731987742,0.0240928882438316
2018-07-13,3.529,3.543,3.517,3.534,132747563,468721618,0.001700680272108679
2018-07-16,3.531,3.559,3.506,3.519,126517900,445644461,-0.004244482173174746
2018-07-17,3.515,3.519,3.47,3.497,121537372,424438862,-0.006251776072747961
2018-07-18,3.502,3.535,3.48,3.481,127613656,447725445,-0.0045753503002573526
2018-07-19,3.499,3.522,3.468,3.483,141953100,496040524,0.0005745475438092562
2018-07-20,3.481,3.565,3.454,3.55,193402166,678380244,0.019236290554119906
2018-07-23,3.53,3.582,3.52,3.573,173776124,617794895,0.006478873239436744
2018-07-24,3.581,3.657,3.581,3.639,260280530,946219416,0.018471872376154552
2018-07-25,3.64,3.645,3.621,3.638,202257308,734740073,-0.0002748007694420851
2018-07-26,3.635,3.649,3.582,3.591,155486234,560786022,-0.012919186366135205
2018-07-27,3.586,3.604,3.57,3.582,87662456,314271002,-0.0025062656641604564
2018-07-30,3.581,3.607,3.544,3.562,159982013,571061222,-0.005583472920156374
2018-07-31,3.557,3.594,3.553,3.575,105773714,377612133,0.0036496350364965124
2018-08-01,3.595,3.609,3.494,3.495,269610753,955861968,-0.02237762237762242
2018-08-02,3.484,3.487,3.378,3.417,270606239,928219556,-0.022317596566523656
2018-08-03,3.416,3.43,3.368,3.369,167573565,570042885,-0.014047410008779515
2018-08-06,3.369,3.4,3.313,3.334,222204999,745138907,-0.010388839418224993
2018-08-07,3.34,3.429,3.323,3.427,225098060,760035075,0.02789442111577678
2018-08-08,3.421,3.422,3.363,3.377,197563683,671015987,-0.014590020426028638
2018-08-09,3.375,3.469,3.363,3.458,229221996,786909755,0.023985786200769965
2018-08-10,3.453,3.482,3.436,3.464,137674358,476328436,0.001735106998264735
2018-08-13,3.43,3.458,3.392,3.449,170754010,585048476,-0.004330254041570503
2018-08-14,3.446,3.451,3.412,3.434,97181092,333235953,-0.004349086691794679
2018-08-15,3.432,3.434,3.345,3.352,151489700,511733358,-0.023878858474082776
2018-08-16,3.33,3.377,3.292,3.338,207748996,693606301,-0.004176610978520179
2018-08-17,3.362,3.366,3.278,3.287,180110413,599148758,-0.01527860994607555
2018-08-20,3.295,3.325,3.27,3.322,204679525,675291675,0.010648007301490736
2018-08-21,3.321,3.396,3.321,3.379,232249206,782217697,0.017158338350391267
2018-08-22,3.385,3.385,3.356,3.373,116553337,392672642,-0.0017756732761171623
2018-08-23,3.375,3.403,3.345,3.383,245065534,828514161,0.0029647198339757264
2018-08-24,3.377,3.416,3.349,3.388,203133054,686112193,0.0014779781259237623
2018-08-27,3.395,3.474,3.395,3.473,224129105,771738584,0.025088547815820483
2018-08-28,3.474,3.484,3.453,3.463,143206281,496834087,-0.0028793550244744504
2018-08-29,3.459,3.463,3.441,3.45,132357316,456314437,-0.003753970545769536
2018-08-30,3.45,3.468,3.41,3.416,162923699,559016733,-0.009855072463768155
2018-08-31,3.402,3.424,3.372,3.39,149124071,506223122,-0.007611241217798548
2018-09-03,3.386,3.395,3.351,3.383,140562775,474050719,-0.0020648967551623043
2018-09-04,3.382,3.438,3.37,3.424,174997837,596721022,0.01211942063257454
2018-09-05,3.41,3.416,3.352,3.353,195263963,661947227,-0.020735981308411144
2018-09-06,3.351,3.378,3.314,3.324,213334039,713999170,-0.008648971070683076
2018-09-07,3.334,3.384,3.313,3.346,185057798,620163732,0.00661853188929018
2018-09-10,3.333,3.343,3.294,3.298,160330584,530067963,-0.014345487148834435
2018-09-11,3.299,3.314,3.274,3.286,225378210,741946471,-0.0036385688295936802
2018-09-12,3.285,3.291,3.259,3.263,206182200,675164145,-0.0069993913572733435
2018-09-13,3.296,3.315,3.257,3.298,259771423,853411395,0.010726325467361297
2018-09-14,3.302,3.315,3.288,3.303,175624021,579892804,0.0015160703456640334
2018-09-17,3.285,3.291,3.264,3.272,115650820,378852956,-0.009385407205570684
2018-09-18,3.261,3.339,3.26,3.335,236746841,781592572,0.0192542787286063
2018-09-19,3.33,3.407,3.323,3.38,446329246,1506129693,0.013493253373313419
2018-09-20,3.38,3.413,3.371,3.378,244090449,825539581,-0.0005917159763313418
2018-09-21,3.388,3.486,3.377,3.484,477366017,1638859067,0.031379514505624595
2018-09-25,3.447,3.458,3.43,3.449,208980617,720037973,-0.010045924225028702
2018-09-26,3.45,3.516,3.448,3.487,301578428,1051659669,0.011017686285879957
2018-09-27,3.475,3.487,3.46,3.472,231202883,802583651,-0.004301691998852886
2018-09-28,3.477,3.512,3.473,3.508,302266815,1056783601,0.010368663594469973
2018-10-08,3.431,3.434,3.34,3.341,429904746,1455777086,-0.0476054732041048
2018-10-09,3.348,3.371,3.336,3.348,196570044,659150601,0.0020951810835079243
2018-10-10,3.351,3.378,3.314,3.346,263664079,882335127,-0.0005973715651134137
2018-10-11,3.25,3.272,3.15,3.174,667556837,2150656828,-0.05140466228332341
2018-10-12,3.178,3.249,3.161,3.233,500732547,1602829892,0.01858853182104614
2018-10-15,3.239,3.242,3.183,3.186,292629244,939523911,-0.014537581193937554
2018-10-16,3.19,3.228,3.153,3.165,493884019,1573220157,-0.006591337099811634
2018-10-17,3.205,3.215,3.125,3.176,643736526,2044127833,0.003475513428120136
2018-10-18,3.155,3.165,3.105,3.106,593291440,1856470334,-0.0220403022670026
2018-10-19,3.09,3.2,3.073,3.185,673105315,2107742152,0.02543464262717321
2018-10-22,3.25,3.37,3.2,3.353,934186388,3089534700,0.05274725274725278
2018-10-23,3.35,3.352,3.222,3.24,859975998,2826511885,-0.03370116313748883
2018-10-24,3.236,3.309,3.229,3.245,530668997,1729656791,0.0015432098765431057
2018-10-25,3.17,3.266,3.161,3.261,528384552,1694329466,0.004930662557781185
2018-10-26,3.268,3.285,3.203,3.228,449965791,1458792282,-0.010119595216191324
2018-10-29,3.219,3.226,3.11,3.131,408324867,1289984523,-0.030049566294919616
2018-10-30,3.121,3.202,3.108,3.168,546588034,1725356929,0.011817310763334588
2018-10-31,3.175,3.233,3.164,3.205,379812449,1215577185,0.011679292929292817
2018-11-01,3.241,3.28,3.222,3.228,517841018,1684628651,0.007176287051482211
2018-11-02,3.35,3.378,3.283,3.363,857183305,2850227373,0.04182156133828996
2018-11-05,3.34,3.344,3.286,3.32,451180900,1498256838,-0.012786202795123436
2018-11-06,3.308,3.315,3.267,3.299,337071814,1109603464,-0.0063253012048192225
2018-11-07,3.302,3.336,3.269,3.272,392048742,1293442439,-0.008184298272203794
2018-11-08,3.304,3.312,3.265,3.269,312186607,1026631712,-0.000916870415647808
2018-11-09,3.251,3.253,3.226,3.228,300641309,974269058,-0.012542061792597092
2018-11-12,3.22,3.269,3.215,3.264,347471891,1126558732,0.011152416356877248
2018-11-13,3.228,3.317,3.223,3.298,449938160,1469919911,0.01041666666666674
2018-11-14,3.288,3.297,3.25,3.258,341269217,1117143888,-0.012128562765312267
2018-11-15,3.258,3.302,3.255,3.301,334424552,1098160730,0.01319828115408228
2018-11-16,3.306,3.344,3.278,3.311,415306733,1376601906,0.0030293850348379614
2018-11-19,3.31,3.349,3.303,3.348,365042287,1215420373,0.011174871639987982
2018-11-20,3.326,3.334,3.264,3.275,382519118,1261365697,-0.021804062126642765
2018-11-21,3.245,3.286,3.243,3.278,289117040,945423662,0.0009160305343511865
2018-11-22,3.285,3.287,3.246,3.269,322232716,1052449859,-0.0027455765710798774
2018-11-23,3.263,3.266,3.18,3.184,367248738,1182063370,-0.026001835423676956
2018-11-26,3.193,3.22,3.174,3.189,426056068,1361422638,0.001570351758793942
2018-11-27,3.201,3.213,3.176,3.186,279828903,894557364,-0.0009407337723424947
2018-11-28,3.187,3.238,3.18,3.234,251727744,809476316,0.015065913370998052
2018-11-29,3.251,3.26,3.2,3.202,203787998,659013720,-0.009894867037724242
2018-11-30,3.2,3.236,3.191,3.235,269127077,865231833,0.010306058713304145
2018-12-03,3.327,3.339,3.292,3.319,592549035,1967884137,0.025965996908809963
2018-12-04,3.314,3.329,3.302,3.324,220401803,730675740,0.0015064778547755342
2018-12-05,3.288,3.328,3.284,3.309,269428273,890764781,-0.004512635379061325
2018-12-06,3.281,3.281,3.237,3.242,435470972,1417004889,-0.020247809005741968
2018-12-07,3.244,3.251,3.234,3.235,192426645,624489237,-0.0021591610117212
2018-12-10,3.213,3.23,3.192,3.205,260128623,835086526,-0.009273570324574876
2018-12-11,3.213,3.221,3.2,3.218,151831888,487594880,0.004056162246489858
2018-12-12,3.235,3.246,3.217,3.229,209047639,675103349,0.003418272218769447
2018-12-13,3.235,3.299,3.23,3.284,417723230,1369000784,0.01703313719417765
2018-12-14,3.273,3.274,3.224,3.227,300148418,974869577,-0.01735688185140072
2018-12-17,3.221,3.233,3.197,3.223,350731460,1128489162,-0.0012395413696931756
2018-12-18,3.207,3.23,3.17,3.183,327863254,1047493725,-0.01241079739373252
2018-12-19,3.186,3.193,3.143,3.15,291027768,922374195,-0.010367577756833168
2018-12-20,3.143,3.156,3.103,3.127,346518081,1083554506,-0.0073015873015873645
2018-12-21,3.119,3.121,3.068,3.088,386498126,1192539194,-0.012472017908538469
2018-12-24,3.077,3.098,3.066,3.095,241440710,745420761,0.00226683937823835
2018-12-25,3.067,3.09,3.026,3.076,403131569,1230561366,-0.006138933764135768
2018-12-26,3.067,3.085,3.051,3.059,216459817,663819224,-0.005526657997399154
2018-12-27,3.097,3.102,3.046,3.052,235347582,724428293,-0.0022883295194507935
2018-12-28,3.058,3.087,3.046,3.059,389266656,1192574438,0.002293577981651307
2019-01-02,3.07,3.07,3.009,3.017,350934863,1062967158,-0.013729977116704872
2019-01-03,3.016,3.061,3.01,3.017,268176241,811656819,0.0
2019-01-04,3.001,3.096,2.997,3.094,479847743,1465170852,0.025522041763341052
2019-01-07,3.109,3.118,3.091,3.107,416831608,1293817436,0.004201680672269115
2019-01-08,3.107,3.11,3.094,3.107,197084842,611718745,0.0
2019-01-09,3.119,3.179,3.118,3.13,439688193,1385615363,0.007402639201802286
2019-01-10,3.129,3.154,3.114,3.133,247692317,776376036,0.000958466453674145
2019-01-11,3.131,3.165,3.129,3.156,251368241,791053147,0.007341206511330967
2019-01-14,3.155,3.155,3.122,3.129,203912053,638696708,-0.008555133079847899
2019-01-15,3.133,3.19,3.126,3.188,351830119,1112566271,0.01885586449344845
2019-01-16,3.131,3.132,3.114,3.129,187728100,586525234,-0.018506900878293653
2019-01-17,3.129,3.145,3.11,3.112,238176691,744200059,-0.005433045701502048
2019-01-18,3.121,3.175,3.121,3.166,388985926,1226138122,0.01735218508997427
2019-01-21,3.166,3.2,3.163,3.183,285184899,908445491,0.005369551484523116
2019-01-22,3.177,3.177,3.135,3.143,254310704,801998520,-0.01256676091737352
2019-01-23,3.135,3.162,3.127,3.135,225512623,708959829,-0.0025453388482341577
2019-01-24,3.139,3.167,3.118,3.159,254376976,800011755,0.007655502392344582
2019-01-25,3.162,3.203,3.162,3.183,272285916,867447674,0.007597340930674212
2019-01-28,3.197,3.229,3.171,3.179,296695511,950568916,-0.0012566760917374076
2019-01-29,3.172,3.203,3.15,3.193,358790006,1139850227,0.004403900597672372
2019-01-30,3.178,3.203,3.169,3.172,212926833,677812070,-0.006576886940181659
2019-01-31,3.184,3.216,3.178,3.202,334294802,1068335725,0.009457755359394637
2019-02-01,3.219,3.257,3.202,3.255,351264883,1134007540,0.016552154903185512
2019-02-11,3.245,3.305,3.232,3.3,387253735,1267715658,0.01382488479262678
2019-02-12,3.299,3.331,3.294,3.324,372881020,1235580870,0.0072727272727273196
2019-02-13,3.329,3.41,3.323,3.393,427801646,1439016760,0.020758122743682383
2019-02-14,3.389,3.414,3.38,3.397,379756065,1288823469,0.001178897730621964
2019-02-15,3.381,3.395,3.336,3.341,447946854,1507132013,-0.016485133941713137
2019-02-18,3.363,3.44,3.363,3.438,471106363,1605204751,0.029033223585752665
2019-02-19,3.445,3.471,3.411,3.429,678230531,2336311876,-0.002617801047120505
2019-02-20,3.437,3.453,3.415,3.438,611614499,2102498557,0.002624671916010568
2019-02-21,3.439,3.488,3.418,3.434,635292922,2191410162,-0.0011634671320535084
2019-02-22,3.429,3.528,3.41,3.526,592121710,2046074090,0.02679091438555603
2019-02-25,3.58,3.78,3.56,3.775,1151319843,4191233265,0.07061826432217821
2019-02-26,3.744,3.758,3.673,3.69,782003578,2911479206,-0.02251655629139071
2019-02-27,3.689,3.723,3.63,3.67,599435862,2212624245,-0.005420054200542035
2019-02-28,3.669,3.687,3.643,3.663,462897908,1697133454,-0.0019073569482289665
2019-03-01,3.69,3.749,3.657,3.738,652737527,2409031109,0.02047502047502059
2019-03-04,3.77,3.878,3.75,3.777,660330540,2509089921,0.010433386837881198
2019-03-05,3.774,3.814,3.761,3.809,443103496,1677260193,0.008472332539052108
2019-03-06,3.809,3.85,3.774,3.835,580495917,2208529318,0.0068259385665527805
2019-03-07,3.83,3.835,3.763,3.793,618420999,2349302237,-0.010951760104302433
2019-03-08,3.714,3.76,3.651,3.661,536077631,1984438722,-0.0348009491167941
2019-03-11,3.661,3.722,3.647,3.71,452305971,1666485417,0.01338432122370925
2019-03-12,3.738,3.793,3.708,3.735,530745016,1992691910,0.006738544474393482
2019-03-13,3.738,3.748,3.693,3.713,483233618,1796583884,-0.005890227576974549
2019-03-14,3.705,3.731,3.668,3.686,362107924,1340665788,-0.007271747912739102
2019-03-15,3.696,3.779,3.696,3.735,387005565,1445462172,0.01329354313619091
2019-03-18,3.736,3.852,3.725,3.85,571415655,2172220321,0.030789825970549023
2019-03-19,3.852,3.862,3.805,3.822,397086476,1523709159,-0.0072727272727273196
2019-03-20,3.818,3.846,3.78,3.822,327893321,1250007722,0.0
2019-03-21,3.826,3.854,3.81,3.824,380012707,1456872033,0.0005232862375719183
2019-03-22,3.823,3.837,3.772,3.829,302384437,1152049537,0.0013075313807531241
2019-03-25,3.768,3.796,3.727,3.734,435950896,1639701920,-0.024810655523635483
2019-03-26,3.748,3.758,3.678,3.695,320140031,1190190240,-0.010444563470808799
2019-03-27,3.709,3.738,3.701,3.727,350739341,1304048305,0.008660351826792922
2019-03-28,3.714,3.744,3.698,3.717,256884436,955866280,-0.0026831231553527957
2019-03-29,3.725,3.878,3.725,3.869,634401638,2426004332,0.0408931934355663
2019-04-01,3.894,3.973,3.894,3.969,691035684,2731589887,0.025846471956577854
2019-04-02,3.971,3.988,3.946,3.962,383940043,1522890283,-0.0017636684303350414
2019-04-03,3.94,4.029,3.935,4.015,542017944,2161151180,0.01337708228167589
2019-04-04,4.027,4.072,4.007,4.062,521370108,2110326811,0.011706102117061246
2019-04-08,4.098,4.128,4.001,4.036,763948328,3102817036,-0.00640078778926656
2019-04-09,4.042,4.076,4.021,4.06,371223765,1502839356,0.005946481665014769
2019-04-10,4.042,4.106,4.016,4.066,385994627,1562381805,0.001477832512315258
2019-04-11,4.066,4.084,3.973,3.996,502104128,2018585322,-0.01721593703885882
2019-04-12,3.983,3.998,3.953,3.982,282398882,1122866512,-0.00350350350350348
2019-04-15,4.044,4.074,3.956,3.957,722580318,2903101545,-0.006278252134605866
2019-04-16,3.938,4.079,3.934,4.077,669085202,2686061416,0.030326004548900665
2019-04-17,4.076,4.097,4.042,4.067,418151517,1701577295,-0.002452783909737466
2019-04-18,4.067,4.081,4.046,4.06,356951847,1451119731,-0.001721170395869276
2019-04-19,4.063,4.12,4.029,4.12,457838576,1866441120,0.014778325123152802
2019-04-22,4.12,4.12,4.0,4.017,577508653,2339510346,-0.02499999999999991
2019-04-23,4.005,4.051,3.994,4.01,353200067,1418835091,-0.0017425939756038344
2019-04-24,4.019,4.032,3.953,4.016,463122649,1854784689,0.0014962593516210099
2019-04-25,4.0,4.01,3.931,3.933,378555556,1504043079,-0.020667330677290874
2019-04-26,3.919,3.938,3.871,3.879,628809844,2457759245,-0.013729977116704761
2019-04-29,3.888,3.945,3.871,3.894,559375577,2184244009,0.003866976024748725
2019-04-30,3.888,3.911,3.878,3.896,399260816,1554463815,0.0005136106831020726
2019-05-06,3.778,3.79,3.64,3.673,1214522745,4499823765,-0.05723819301848043
2019-05-07,3.688,3.731,3.667,3.707,483599688,1790820380,0.009256738361012706
2019-05-08,3.657,3.717,3.643,3.659,475372780,1745381560,-0.012948475856487729
2019-05-09,3.635,3.652,3.569,3.607,554053021,2001315076,-0.014211533205793825
2019-05-10,3.635,3.728,3.573,3.72,671996480,2468212416,0.03132797338508464
2019-05-13,3.685,3.688,3.642,3.652,425777021,1560795956,-0.018279569892473146
2019-05-14,3.63,3.677,3.623,3.634,290068555,1060006491,-0.004928806133625452
2019-05-15,3.662,3.74,3.662,3.712,357513759,1320562727,0.021463951568519546
2019-05-16,3.707,3.735,3.691,3.73,247437408,919412280,0.004849137931034475
2019-05-17,3.73,3.734,3.63,3.646,315390766,1158993573,-0.02252010723860587
2019-05-20,3.634,3.644,3.576,3.606,388224753,1400009998,-0.010970927043335132
2019-05-21,3.605,3.685,3.604,3.651,350382927,1278867495,0.012479201331114798
2019-05-22,3.654,3.663,3.62,3.642,283508032,1032358159,-0.0024650780608052036
2019-05-23,3.625,3.632,3.578,3.584,310608303,1116377298,-0.0159253157605711
2019-05-24,3.586,3.623,3.573,3.59,299409208,1076879362,0.0016741071428569843
2019-05-27,3.591,3.649,3.554,3.633,435101077,1566298427,0.011977715877437456
2019-05-28,3.628,3.678,3.625,3.65,385067256,1405784020,0.0046793283787502915
2019-05-29,3.64,3.69,3.632,3.652,292852624,1070983408,0.0005479452054795164
2019-05-30,3.646,3.654,3.607,3.65,305426373,1107801233,-0.0005476451259583959
2019-05-31,3.642,3.675,3.629,3.632,276030098,1007992259,-0.004931506849314982
2019-06-03,3.645,3.682,3.613,3.64,330813060,1205594361,0.0022026431718060735
2019-06-04,3.637,3.645,3.592,3.607,326322903,1177428523,-0.009065934065934034
2019-06-05,3.632,3.64,3.596,3.599,328564451,1189233603,-0.0022179096201829784
2019-06-06,3.599,3.608,3.567,3.568,366067403,1312429002,-0.008613503751041973
2019-06-10,3.58,3.635,3.577,3.614,335497545,1210624406,0.012892376681614248
2019-06-11,3.62,3.736,3.62,3.727,466796339,1721944270,0.03126729385722182
2019-06-12,3.722,3.722,3.691,3.699,259724900,961944225,-0.007512744834987983
2019-06-13,3.695,3.711,3.66,3.692,301229173,1109255185,-0.0018924033522572659
2019-06-14,3.694,3.717,3.658,3.67,344513947,1270771660,-0.005958829902491969
2019-06-17,3.664,3.699,3.66,3.673,235206148,865085583,0.0008174386920980492
2019-06-18,3.678,3.692,3.647,3.681,265370585,975436690,0.0021780560849442576
2019-06-19,3.772,3.807,3.732,3.735,628901479,2366152485,0.014669926650366705
2019-06-20,3.734,3.875,3.732,3.843,660928446,2522649388,0.028915662650602414
2019-06-21,3.855,3.88,3.833,3.85,421955172,1626602097,0.0018214936247722413
2019-06-24,3.855,3.869,3.832,3.856,307454039,1184601126,0.0015584415584415368
2019-06-25,3.855,3.855,3.77,3.817,505703429,1926078217,-0.010114107883817391
2019-06-26,3.795,3.83,3.79,3.818,240208406,915875695,0.00026198585276393516
2019-06-27,3.82,3.88,3.82,3.86,473076803,1825070981,0.011000523834468368
2019-06-28,3.86,3.86,3.829,3.859,386269026,1485096138,-0.0002590673575129099
2019-07-01,3.922,3.965,3.91,3.954,510266004,2012117160,0.0246177766260689
2019-07-02,3.954,3.966,3.937,3.96,333843577,1319955759,0.0015174506828528056
2019-07-03,3.951,3.951,3.912,3.927,251838500,989488521,-0.008333333333333304
2019-07-04,3.92,3.939,3.877,3.901,386021727,1509568953,-0.006620830150241952
2019-07-05,3.9,3.929,3.888,3.921,236203923,924064389,0.005126890540886997
2019-07-08,3.903,3.903,3.8,3.831,422531310,1625813687,-0.02295332823259366
2019-07-09,3.836,3.844,3.806,3.822,218346083,835183233,-0.002349256068911454
2019-07-10,3.835,3.848,3.81,3.823,174479315,667520298,0.0002616431187858481
2019-07-11,3.838,3.872,3.81,3.824,234524437,900919956,0.0002615746795708862
2019-07-12,3.821,3.87,3.819,3.855,246010770,947469654,0.008106694560669592
2019-07-15,3.841,3.901,3.79,3.869,448461100,1725285115,0.0036316472114137355
2019-07-16,3.863,3.876,3.845,3.853,182887400,705319206,-0.00413543551305251
2019-07-17,3.842,3.866,3.828,3.847,219966800,847318549,-0.0015572281339216731
2019-07-18,3.834,3.839,3.82,3.822,230549411,882753326,-0.006498570314530827
2019-07-19,3.832,3.883,3.832,3.862,319938127,1235677325,0.010465724751439032
2019-07-22,3.862,3.872,3.81,3.832,308863238,1186817430,-0.007767995857068888
2019-07-23,3.836,3.845,3.822,3.841,167029018,640637075,0.0023486430062631403
2019-07-24,3.854,3.9,3.852,3.872,297445389,1154191782,0.008070814891955047
2019-07-25,3.871,3.908,3.866,3.907,233629586,908142115,0.009039256198347223
2019-07-26,3.89,3.921,3.887,3.912,285790892,1115742690,0.0012797542871767487
2019-07-29,3.91,3.914,3.892,3.906,247102162,964260317,-0.0015337423312883347
2019-07-30,3.91,3.949,3.909,3.924,239654855,941746113,0.004608294930875445
2019-07-31,3.911,3.914,3.887,3.896,216422852,843556613,-0.007135575942915362
2019-08-01,3.879,3.888,3.845,3.86,312465662,1206953804,-0.00924024640657084
2019-08-02,3.79,3.81,3.773,3.801,490613929,1859709599,-0.015284974093264125
2019-08-05,3.785,3.791,3.73,3.735,354214662,1331928152,-0.017363851617995363
2019-08-06,3.676,3.704,3.637,3.696,583702695,2140168125,-0.010441767068273045
2019-08-07,3.705,3.711,3.668,3.672,278581169,1029304079,-0.006493506493506551
2019-08-08,3.696,3.73,3.696,3.726,280984950,1042883478,0.014705882352941124
2019-08-09,3.739,3.745,3.689,3.697,210963917,783418416,-0.007783145464304808
2019-08-12,3.708,3.758,3.701,3.756,180115577,670864658,0.015958885582904925
2019-08-13,3.727,3.74,3.712,3.724,155348999,578461083,-0.008519701810436486
2019-08-14,3.769,3.774,3.737,3.738,193700550,727773776,0.003759398496240518
2019-08-15,3.68,3.759,3.676,3.753,244306152,907979338,0.0040128410914928025
2019-08-16,3.751,3.795,3.741,3.769,257412533,971656245,0.004263256061817211
2019-08-19,3.798,3.86,3.78,3.859,327943205,1254127715,0.02387901300079598
2019-08-20,3.851,3.865,3.841,3.843,206912094,796970858,-0.0041461518528116414
2019-08-21,3.841,3.852,3.836,3.842,242245207,931096029,-0.0002602133749673996
2019-08-22,3.852,3.855,3.83,3.85,264778500,1017422996,0.0020822488287350893
2019-08-23,3.853,3.892,3.843,3.877,285682076,1106705439,0.007012987012986915
2019-08-26,3.823,3.846,3.816,3.834,267490225,1024561340,-0.011091049780758255
2019-08-27,3.849,3.914,3.847,3.874,366176008,1423007683,0.010432968179447055
2019-08-28,3.873,3.883,3.853,3.862,173957985,672483876,-0.0030975735673722804
2019-08-29,3.867,3.869,3.828,3.851,233928253,899467510,-0.002848265147591955
2019-08-30,3.876,3.897,3.836,3.861,276281765,1068497906,0.002596728122565617
2019-09-02,3.859,3.923,3.858,3.904,301944194,1177245792,0.011137011137011044
2019-09-03,3.91,3.914,3.893,3.908,231345288,903328007,0.0010245901639345245
2019-09-04,3.909,3.959,3.908,3.957,293760544,1154462918,0.01253838280450359
2019-09-05,3.971,4.048,3.971,3.994,527401698,2116380664,0.009350518069244362
2019-09-06,4.007,4.023,3.992,4.021,264029381,1057696400,0.006760140210315457
2019-09-09,4.048,4.057,4.017,4.037,282845401,1140490057,0.003979109674210335
2019-09-10,4.034,4.04,4.005,4.026,168692850,678146853,-0.0027247956403270157
2019-09-11,4.038,4.04,3.994,3.997,304195543,1218851128,-0.0072031793343269035
2019-09-12,4.01,4.048,4.004,4.038,217205516,873683978,0.010257693269952517
2019-09-16,4.046,4.047,4.004,4.024,181849801,731512753,-0.0034670629024270427
2019-09-17,4.018,4.019,3.939,3.951,381079011,1515230656,-0.018141153081510875
2019-09-18,3.966,3.985,3.959,3.968,201031097,798496633,0.004302708175145442
2019-09-19,3.984,3.988,3.956,3.987,242177803,962786617,0.004788306451612989
2019-09-20,3.994,4.004,3.985,3.993,232504313,928123393,0.0015048908954100604
2019-09-23,3.982,3.983,3.936,3.958,289892128,1144938516,-0.008765339343851708
2019-09-24,3.96,3.997,3.954,3.961,211482034,840079465,0.000757958564931771
2019-09-25,3.954,3.958,3.932,3.934,234976431,927174175,-0.0068164604897752445
2019-09-26,3.949,3.958,3.904,3.907,317094917,1245839973,-0.00686324351804779
2019-09-27,3.913,3.923,3.9,3.916,267734088,1047443010,0.0023035577169183696
2019-09-30,3.91,3.919,3.864,3.869,263288381,1025545904,-0.012002042900919219
2019-10-08,3.874,3.921,3.874,3.894,323423873,1261877855,0.006461617989144353
2019-10-09,3.885,3.907,3.863,3.905,250789659,975532606,0.0028248587570620654
2019-10-10,3.903,3.94,3.889,3.933,236335248,925785531,0.007170294494238227
2019-10-11,3.941,3.993,3.927,3.981,306020073,1211436364,0.012204424103737566
2019-10-14,4.002,4.05,3.998,4.01,395654617,1591550456,0.007284601858829509
2019-10-15,4.009,4.014,3.995,3.997,295000513,1180542819,-0.0032418952618453734
2019-10-16,4.002,4.031,3.98,3.983,314366343,1257411220,-0.003502626970227629
2019-10-17,3.987,4.002,3.977,3.989,193642784,772383216,0.001506402209389801
2019-10-18,3.991,4.006,3.921,3.931,308143071,1219432835,-0.014539984958636176
2019-10-21,3.922,3.943,3.917,3.94,184939266,727143485,0.0022894937674891036
2019-10-22,3.948,3.964,3.93,3.955,164134229,647323688,0.0038071065989848663
2019-10-23,3.956,3.961,3.922,3.934,147826200,582892945,-0.005309734513274322
2019-10-24,3.935,3.954,3.913,3.939,202167106,795479683,0.0012709710218605785
2019-10-25,3.933,3.968,3.909,3.963,250290767,985865186,0.006092916984006047
2019-10-28,3.97,3.992,3.962,3.986,267434287,1063994683,0.005803684077718918
2019-10-29,3.989,3.989,3.969,3.973,209553585,833722137,-0.0032614149523332303
2019-10-30,3.966,3.97,3.939,3.947,262846100,1038323004,-0.0065441731688899996
2019-10-31,3.956,3.965,3.936,3.945,192782765,762011573,-0.0005067139599697068
2019-11-01,3.94,4.027,3.934,4.026,320651363,1281238312,0.020532319391634912
2019-11-04,4.025,4.047,4.023,4.039,235968262,952642394,0.0032290114257327307
2019-11-05,4.039,4.101,4.032,4.062,352935688,1435062389,0.0056944788313939565
2019-11-06,4.06,4.066,4.033,4.045,205938945,835011380,-0.004185130477597276
2019-11-07,4.045,4.074,4.033,4.05,237722500,963751239,0.0012360939431397266
2019-11-08,4.08,4.084,4.03,4.034,297216299,1205845626,-0.00395061728395063
2019-11-11,4.013,4.013,3.96,3.967,347068934,1383687075,-0.016608824987605297
2019-11-12,3.962,3.979,3.938,3.962,330054660,1306746070,-0.001260398285858333
2019-11-13,3.957,3.965,3.942,3.959,202016501,798607025,-0.0007571933366986583
2019-11-14,3.959,3.976,3.952,3.962,238587713,945812675,0.0007577671129073149
2019-11-15,3.963,3.979,3.94,3.943,187791494,742722417,-0.0047955577990913545
2019-11-18,3.941,3.978,3.932,3.971,240875274,953614222,0.007101191985797728
2019-11-19,3.969,4.013,3.963,4.011,237888988,950390311,0.010073029463611105
2019-11-20,4.01,4.01,3.959,3.97,216610292,863321146,-0.010221889803041617
2019-11-21,3.96,3.967,3.937,3.95,244840685,967498735,-0.005037783375314908
2019-11-22,3.959,3.986,3.894,3.908,354707168,1395855015,-0.010632911392405076
2019-11-25,3.915,3.937,3.903,3.936,252457634,990424084,0.007164790174001956
2019-11-26,3.947,3.956,3.924,3.942,285821518,1126251532,0.001524390243902607
2019-11-27,3.94,3.954,3.921,3.936,211239168,831877049,-0.0015220700152207556
2019-11-28,3.936,3.952,3.917,3.93,169480950,666322581,-0.0015243902439023849
2019-11-29,3.922,3.928,3.868,3.887,302917100,1180162224,-0.010941475826972025
2019-12-02,3.891,3.911,3.887,3.895,174355701,680076866,0.0020581425263699327
2019-12-03,3.886,3.913,3.87,3.911,198551900,772475070,0.004107830551989711
2019-12-04,3.9,3.914,3.888,3.913,158939610,620313854,0.0005113781641523651
2019-12-05,3.921,3.949,3.92,3.942,219206401,862802159,0.007411193457705245
2019-12-06,3.944,3.967,3.939,3.966,213076953,841690001,0.0060882800608828
2019-12-09,3.966,3.975,3.942,3.953,232220816,918540389,-0.0032778618255169256
2019-12-10,3.946,3.961,3.941,3.956,186995451,738991639,0.0007589172780166908
2019-12-11,3.902,3.904,3.883,3.9,170498912,663923736,-0.014155712841253831
2019-12-12,3.901,3.904,3.885,3.889,137151900,533964092,-0.002820512820512877
2019-12-13,3.924,3.975,3.923,3.968,436082930,1721558479,0.020313705322705156
2019-12-16,3.967,3.988,3.951,3.98,302848303,1201480497,0.003024193548387011
2019-12-17,3.978,4.068,3.974,4.042,525630459,2117785566,0.015577889447236037
2019-12-18,4.043,4.057,4.022,4.027,363117684,1467298741,-0.003711034141513969
2019-12-19,4.03,4.033,4.012,4.02,264192000,1062562557,-0.0017382666997766139
2019-12-20,4.019,4.046,4.014,4.016,328779836,1323871265,-0.0009950248756217528
2019-12-23,4.015,4.032,3.962,3.964,447144760,1788105548,-0.01294820717131473
2019-12-24,3.965,3.993,3.964,3.985,312792100,1244533039,0.005297679112008069
2019-12-25,3.985,3.997,3.973,3.992,310578426,1237399739,0.0017565872020075535
2019-12-26,3.989,4.026,3.987,4.021,332255940,1331523237,0.007264529058116143
2019-12-27,4.025,4.068,4.016,4.017,436813014,1766178612,-0.0009947774185524727
2019-12-30,4.006,4.088,4.0,4.075,542381449,2198624414,0.014438635797858979
2019-12-31,4.069,4.099,4.062,4.096,352185905,1437559663,0.005153374233128893
2020-01-02,4.12,4.174,4.118,4.149,627623614,2603983236,0.012939453125
2020-01-03,4.156,4.162,4.133,4.139,469673776,1948030083,-0.002410219329958996
2020-01-06,4.126,4.171,4.094,4.123,666504783,2760524448,-0.003865668035757386
2020-01-07,4.134,4.16,4.128,4.155,464959514,1927362283,0.007761338830948317
2020-01-08,4.135,4.149,4.097,4.114,562852067,2321782204,-0.009867629362214303
2020-01-09,4.138,4.165,4.134,4.158,394431722,1636905845,0.010695187165775444
2020-01-10,4.165,4.176,4.144,4.157,379555000,1576677929,-0.00024050024050037422
2020-01-13,4.156,4.205,4.141,4.202,373639185,1558366390,0.010825114265095026
2020-01-14,4.202,4.222,4.18,4.184,409962842,1723090045,-0.004283674440742402
2020-01-15,4.184,4.19,4.145,4.152,319607409,1330016015,-0.007648183556405397
2020-01-16,4.159,4.163,4.135,4.146,416297801,1726422321,-0.0014450867052023808
2020-01-17,4.152,4.175,4.137,4.151,321627384,1335598763,0.001205981669078593
2020-01-20,4.156,4.183,4.142,4.181,353488249,1472153087,0.00722717417489771
2020-01-21,4.163,4.163,4.1,4.105,618294600,2548564521,-0.018177469504903065
2020-01-22,4.089,4.133,4.034,4.119,907393261,3709564742,0.003410475030450444
2020-01-23,4.081,4.09,3.956,3.996,753583400,3042046038,-0.029861616897305154
2020-02-03,3.73,3.736,3.636,3.659,1471075772,5431562760,-0.08433433433433435
2020-02-04,3.65,3.776,3.649,3.77,735843705,2749866008,0.03033615742006024
2020-02-05,3.784,3.855,3.768,3.807,553287488,2109910834,0.009814323607427067
2020-02-06,3.823,3.913,3.797,3.897,527965212,2038967051,0.023640661938534313
2020-02-07,3.87,3.892,3.844,3.888,346989051,1340754089,-0.002309468822170868
2020-02-10,3.868,3.91,3.851,3.901,398519147,1549146625,0.003343621399176877
2020-02-11,3.909,3.96,3.907,3.943,422258801,1663318182,0.010766470135862738
2020-02-12,3.939,3.977,3.93,3.971,290783451,1150842638,0.007101191985797728
2020-02-13,3.97,3.985,3.938,3.95,325961046,1290560943,-0.00528834046839588
2020-02-14,3.945,3.995,3.943,3.977,313979347,1247221633,0.0068354430379746756
2020-02-17,3.986,4.07,3.986,4.064,581140084,2345003457,0.021875785768167066
2020-02-18,4.057,4.062,4.012,4.039,709950982,2867046795,-0.006151574803149651
2020-02-19,4.036,4.069,4.029,4.04,440377238,1783390983,0.0002475860361477178
2020-02-20,4.055,4.144,4.039,4.131,605241099,2472181763,0.022524752475247656
2020-02-21,4.123,4.178,4.117,4.145,444470153,1839049777,0.003389009924957387
2020-02-24,4.123,4.136,4.082,4.112,372727289,1532512765,-0.007961399276236292
2020-02-25,4.051,4.116,4.012,4.104,603830762,2459159333,-0.0019455252918287869
2020-02-26,4.064,4.118,4.048,4.07,641793391,2617010934,-0.00828460038986345
2020-02-27,4.083,4.097,4.061,4.071,475330532,1938047426,0.00024570024570014226
2020-02-28,4.01,4.019,3.924,3.933,560071042,2224760713,-0.03389830508474578
2020-03-02,3.948,4.09,3.948,4.076,426683708,1721101323,0.03635901347571813
2020-03-03,4.117,4.139,4.055,4.073,408776061,1677225022,-0.0007360157016681468
2020-03-04,4.065,4.104,4.048,4.102,295453297,1204615735,0.0071200589246256385
2020-03-05,4.151,4.208,4.111,4.2,547831292,2282136998,0.023890784982935065
2020-03-06,4.167,4.169,4.117,4.121,249987730,1035853463,-0.01880952380952372
2020-03-09,4.068,4.068,3.981,3.99,423642354,1701717889,-0.031788400873574374
2020-03-10,3.992,4.088,3.943,4.078,859648156,3457073174,0.02205513784461144
2020-03-11,4.078,4.078,4.009,4.011,703269381,2845979722,-0.016429622363903884
2020-03-12,3.973,3.975,3.919,3.948,388119218,1531041364,-0.015706806282722585
2020-03-13,3.833,3.93,3.75,3.889,717892899,2753021876,-0.014944275582573496
2020-03-16,3.885,3.885,3.716,3.726,571080084,2168080979,-0.041913088197480075
2020-03-17,3.759,3.788,3.615,3.693,985255849,3645999364,-0.008856682769726176
2020-03-18,3.706,3.763,3.626,3.631,783304767,2903199190,-0.016788518819388143
2020-03-19,3.634,3.647,3.492,3.596,1248163833,4456146356,-0.009639217846323267
2020-03-20,3.612,3.657,3.582,3.644,678689518,2456318768,0.013348164627363657
2020-03-23,3.54,3.582,3.513,3.526,807278071,2858519649,-0.032381997804610374
2020-03-24,3.589,3.623,3.536,3.611,832898539,2993488749,0.024106636415201388
2020-03-25,3.693,3.721,3.67,3.706,1010083600,3732548148,0.026308501800055284
2020-03-26,3.683,3.722,3.67,3.683,355654180,1314493551,-0.006206152185644909
2020-03-27,3.729,3.754,3.698,3.7,491544293,1829774379,0.0046158023350530986
2020-03-30,3.659,3.685,3.63,3.666,497134429,1817215400,-0.009189189189189206
2020-03-31,3.703,3.706,3.66,3.669,374003032,1377646905,0.0008183306055646877
2020-04-01,3.664,3.723,3.654,3.673,355438884,1309936605,0.0010902153175251783
2020-04-02,3.658,3.728,3.641,3.723,463048932,1702317215,0.013612850530901222
2020-04-03,3.71,3.724,3.683,3.697,324717000,1202415071,-0.006983615363953755
2020-04-07,3.76,3.793,3.758,3.78,546740521,2064202708,0.022450635650527406
2020-04-08,3.766,3.779,3.752,3.765,221917490,835369077,-0.003968253968253843
2020-04-09,3.781,3.788,3.77,3.776,328543624,1241868021,0.0029216467463477613
2020-04-10,3.776,3.812,3.746,3.764,464247186,1752635038,-0.0031779661016949623
2020-04-13,3.75,3.758,3.732,3.743,246696932,923357829,-0.005579171094580171
2020-04-14,3.76,3.808,3.755,3.805,376124777,1423412717,0.016564253272775886
2020-04-15,3.805,3.814,3.781,3.783,239200804,907994642,-0.005781865965834521
2020-04-16,3.77,3.797,3.766,3.785,227317249,859202032,0.0005286809410520732
2020-04-17,3.814,3.845,3.81,3.819,570480887,2183824470,0.008982826948480849
2020-04-20,3.826,3.836,3.813,3.835,382296046,1463235135,0.004189578423671181
2020-04-21,3.82,3.825,3.77,3.795,292757173,1110170605,-0.010430247718383301
2020-04-22,3.779,3.83,3.772,3.829,345671032,1313936907,0.008959156785243838
2020-04-23,3.832,3.842,3.812,3.822,201520738,771450450,-0.001828153564899515
2020-04-24,3.807,3.812,3.778,3.79,305829499,1159836790,-0.008372579801151248
2020-04-27,3.792,3.833,3.787,3.807,309460942,1180911446,0.004485488126648951
2020-04-28,3.82,3.844,3.756,3.831,422865548,1614577806,0.0063041765169424835
2020-04-29,3.826,3.865,3.823,3.851,277834908,1069637523,0.005220569042025502
2020-04-30,3.865,3.916,3.863,3.908,527998051,2059990937,0.014801350298623728
2020-05-06,3.865,3.926,3.86,3.918,383453463,1490004472,0.0025588536335721113
2020-05-07,3.918,3.925,3.899,3.911,274638833,1073971198,-0.0017866258295048398
2020-05-08,3.929,3.972,3.927,3.953,370674288,1464209061,0.010738941447200112
2020-05-11,3.959,3.992,3.935,3.946,412309647,1634097108,-0.0017708069820389083
2020-05-12,3.947,3.96,3.917,3.945,586605193,2310845675,-0.00025342118601123786
2020-05-13,3.933,3.96,3.92,3.954,278396942,1096626960,0.0022813688212928174
2020-05-14,3.94,3.94,3.917,3.921,300179639,1178568299,-0.008345978755690542
2020-05-15,3.928,3.94,3.901,3.902,543570346,2129155229,-0.004845702626880777
2020-05-18,3.901,3.938,3.892,3.914,302052954,1184460537,0.003075345976422339
2020-05-19,3.95,3.957,3.932,3.943,278121100,1096942157,0.007409299948901271
2020-05-20,3.94,3.944,3.92,3.927,197561843,777073054,-0.004057823991884368
2020-05-21,3.933,3.94,3.899,3.901,236523366,926829389,-0.006620830150241952
2020-05-22,3.898,3.898,3.813,3.815,532861629,2048425731,-0.022045629325813887
2020-05-25,3.812,3.829,3.797,3.817,250559675,955690447,0.0005242463958061716
2020-05-26,3.834,3.866,3.834,3.863,475110838,1829472410,0.012051349227141683
2020-05-27,3.863,3.864,3.833,3.845,231199608,889357448,-0.004659590991457407
2020-05-28,3.847,3.884,3.815,3.85,284073116,1093611518,0.0013003901170349774
2020-05-29,3.83,3.869,3.823,3.866,250919820,966708845,0.004155844155844246
2020-06-01,3.898,3.976,3.895,3.968,350928902,1385589758,0.026383859286083666
2020-06-02,3.968,3.989,3.96,3.979,162838185,647069165,0.00277217741935476
2020-06-03,3.998,4.02,3.976,3.978,365752469,1461404414,-0.00025131942699163634
2020-06-04,3.991,3.995,3.965,3.98,281384424,1119665735,0.0005027652086475598
2020-06-05,3.979,4.004,3.965,4.003,201359632,801832963,0.005778894472361795
2020-06-08,4.02,4.047,4.012,4.022,285603662,1149881973,0.00474644016987269
2020-06-09,4.024,4.05,4.013,4.049,294492489,1189397524,0.006713078070611722
2020-06-10,4.045,4.046,4.027,4.04,318357157,1285096270,-0.0022227710545814627
2020-06-11,4.033,4.05,3.984,4.003,305193298,1226496439,-0.009158415841584167
2020-06-12,3.962,4.023,3.942,4.013,309073335,1230613931,0.0024981264051959773
2020-06-15,3.982,4.009,3.955,3.956,280526100,1117257834,-0.014203837528033891
2020-06-16,3.995,4.019,3.991,4.018,247695273,992947047,0.01567239635995943
2020-06-17,4.02,4.023,3.996,4.022,279025595,1118948762,0.0009955201592832807
2020-06-18,4.013,4.055,4.005,4.053,343002705,1385004401,0.007707608155146595
2020-06-19,4.05,4.125,4.05,4.105,369563643,1514130382,0.012830002467308255
2020-06-22,4.105,4.14,4.097,4.109,521244200,2146227183,0.0009744214372715554
2020-06-23,4.1,4.133,4.086,4.128,398167830,1638145515,0.00462399610610853
2020-06-24,4.138,4.167,4.136,4.164,457942198,1899221459,0.008720930232557933
2020-06-29,4.15,4.16,4.106,4.128,212654964,876863744,-0.008645533141210304
2020-06-30,4.148,4.192,4.146,4.178,542468494,2264019132,0.012112403100775104
2020-07-01,4.187,4.276,4.183,4.272,574064113,2425293927,0.022498803255146083
2020-07-02,4.27,4.375,4.263,4.37,550437787,2380221137,0.02294007490636707
2020-07-03,4.386,4.464,4.369,4.457,586768714,2583513174,0.01990846681922198
2020-07-06,4.527,4.799,4.508,4.784,929317489,4319345422,0.07336773614538927
2020-07-07,4.821,4.85,4.724,4.736,1074501897,5140703744,-0.010033444816053505
2020-07-08,4.734,4.838,4.708,4.798,903486859,4300342496,0.013091216216216228
2020-07-09,4.796,4.884,4.76,4.872,642434179,3104867386,0.01542309295539801
2020-07-10,4.838,4.857,4.763,4.785,564416770,2719824198,-0.017857142857142794
2020-07-13,4.782,4.927,4.777,4.885,824378259,4008141929,0.020898641588296796
2020-07-14,4.877,4.899,4.765,4.842,737641416,3569719096,-0.008802456499488298
2020-07-15,4.86,4.895,4.765,4.784,662402942,3200591192,-0.011978521272201559
2020-07-16,4.79,4.828,4.55,4.556,1289918063,6024138887,-0.04765886287625409
2020-07-17,4.57,4.654,4.541,4.605,904292349,4154619226,0.010755048287971913
2020-07-20,4.647,4.74,4.585,4.727,724976202,3384863206,0.026492942453854473
2020-07-21,4.749,4.764,4.711,4.739,465350652,2204859169,0.0025386079966152053
2020-07-22,4.732,4.856,4.728,4.792,705437207,3385495850,0.011183794049377527
2020-07-23,4.742,4.789,4.662,4.766,430577055,2037385932,-0.005425709515859745
2020-07-24,4.726,4.742,4.527,4.554,648282022,3002698170,-0.044481745698699116
2020-07-27,4.583,4.616,4.537,4.582,311101401,1424772722,0.0061484409310494925
2020-07-28,4.615,4.641,4.587,4.617,374257289,1726997386,0.007638585770405992
2020-07-29,4.605,4.753,4.599,4.749,488385416,2295204610,0.028589993502274202
2020-07-30,4.75,4.757,4.709,4.714,297474433,1407409977,-0.007369972625815846
2020-07-31,4.71,4.809,4.672,4.75,518524684,2461206603,0.007636826474331615
2020-08-03,4.79,4.829,4.772,4.825,434393304,2085189584,0.015789473684210575
2020-08-04,4.849,4.863,4.804,4.829,311402501,1504562149,0.000829015544041356
2020-08-05,4.822,4.845,4.761,4.831,300697444,1444229400,0.00041416442327624203
2020-08-06,4.831,4.852,4.747,4.813,224666976,1078135870,-0.003725936659076945
2020-08-07,4.803,4.805,4.7,4.765,343055100,1633338710,-0.009972989819239553
2020-08-10,4.733,4.818,4.695,4.781,240425812,1145210281,0.003357817418677911
2020-08-11,4.785,4.851,4.726,4.734,248052945,1192172419,-0.0098305793766994
2020-08-12,4.725,4.74,4.622,4.702,424060538,1982239077,-0.006759611322348924
2020-08-13,4.715,4.724,4.678,4.687,197805792,929510040,-0.0031901318587834737
2020-08-14,4.688,4.78,4.67,4.778,422185608,2003224522,0.01941540430979294
2020-08-17,4.798,4.91,4.783,4.877,563474986,2736783499,0.020719966513185417
2020-08-18,4.882,4.892,4.844,4.87,349311764,1701347304,-0.0014353085913471064
2020-08-19,4.867,4.871,4.791,4.794,405819093,1960455849,-0.015605749486653053
2020-08-20,4.77,4.781,4.723,4.743,344280792,1635643695,-0.010638297872340274
2020-08-21,4.767,4.807,4.744,4.783,289329087,1383398799,0.008433480919249448
2020-08-24,4.805,4.831,4.778,4.813,415934500,2001903982,0.006272214091574302
2020-08-25,4.826,4.87,4.803,4.822,216133255,1045169798,0.0018699355911075966
2020-08-26,4.819,4.849,4.747,4.763,334981700,1602850783,-0.012235586893405315
2020-08-27,4.769,4.801,4.74,4.799,207431486,990307792,0.0075582615998321945
2020-08-28,4.793,4.925,4.778,4.917,554996485,2700358154,0.024588455928318265
2020-08-31,4.945,4.968,4.87,4.874,488697161,2411052931,-0.008745169818995313
2020-09-01,4.866,4.91,4.86,4.908,240533025,1174549250,0.006975789905621754
2020-09-02,4.919,4.925,4.854,4.904,385904700,1888805896,-0.0008149959250204342
2020-09-03,4.898,4.94,4.861,4.884,229830280,1126381241,-0.004078303425774754
2020-09-04,4.81,4.847,4.791,4.829,375102467,1805338853,-0.011261261261261368
2020-09-07,4.82,4.855,4.71,4.732,445746642,2132974128,-0.020086974528887858
2020-09-08,4.74,4.77,4.704,4.756,485820300,2301096971,0.00507185122569731
2020-09-09,4.7,4.71,4.615,4.645,515494651,2407141145,-0.023338940285954735
2020-09-10,4.684,4.706,4.634,4.649,423536864,1982854311,0.0008611410118408713
2020-09-11,4.63,4.693,4.627,4.685,279946274,1305435223,0.007743600774360093
2020-09-14,4.707,4.724,4.685,4.712,263594672,1240126300,0.005763073639274419
2020-09-15,4.705,4.755,4.694,4.747,292860603,1384217308,0.007427843803056167
2020-09-16,4.745,4.749,4.702,4.719,188912654,893325908,-0.005898462186644138
2020-09-17,4.703,4.735,4.667,4.69,408145361,1916736898,-0.006145369781733412
2020-09-18,4.695,4.813,4.693,4.811,873517831,4159028072,0.025799573560767453
2020-09-21,4.815,4.85,4.75,4.756,381620413,1825584796,-0.011432134691332307
2020-09-22,4.725,4.776,4.679,4.699,578513427,2730884257,-0.01198486122792275
2020-09-23,4.703,4.729,4.684,4.713,466006228,2194437868,0.002979357310066044
2020-09-24,4.685,4.696,4.625,4.636,344502320,1602695301,-0.016337789093995303
2020-09-25,4.643,4.666,4.621,4.639,325369201,1509949944,0.000647109577221805
2020-09-28,4.642,4.681,4.635,4.649,304679600,1418157832,0.002155636990730736
2020-09-29,4.67,4.687,4.652,4.66,315881012,1474785387,0.0023661002366099915
2020-09-30,4.673,4.695,4.62,4.646,454910191,2117459400,-0.0030042918454936673
2020-10-09,4.721,4.765,4.72,4.739,359666738,1703741732,0.020017219113215745
2020-10-12,4.765,4.893,4.763,4.887,360952774,1747762574,0.03123021734543152
2020-10-13,4.888,4.914,4.86,4.903,320043929,1562011927,0.003273992224268385
2020-10-14,4.89,4.897,4.863,4.879,278948296,1360025596,-0.004894962267999237
2020-10-15,4.874,4.901,4.858,4.867,330528322,1611849494,-0.0024595203935231513
2020-10-16,4.864,4.892,4.824,4.853,283570693,1379059690,-0.0028765153071708127
2020-10-19,4.88,4.92,4.804,4.822,601925222,2924978826,-0.006387801359983403
2020-10-20,4.811,4.854,4.807,4.852,273913000,1322702077,0.006221484861053561
2020-10-21,4.855,4.864,4.818,4.858,348894700,1690610422,0.0012366034624895494
2020-10-22,4.844,4.859,4.792,4.842,257148347,1239996905,-0.0032935364347468354
2020-10-23,4.832,4.867,4.781,4.786,776805715,3742156538,-0.011565468814539459
2020-10-26,4.757,4.776,4.706,4.75,507147375,2405937650,-0.007521938988717003
2020-10-27,4.737,4.77,4.733,4.764,299348813,1423170547,0.0029473684210525875
2020-10-28,4.762,4.818,4.747,4.804,482829143,2308480718,0.008396305625524736
2020-10-29,4.759,4.871,4.752,4.848,371024766,1788027264,0.00915903413821817
2020-10-30,4.838,4.847,4.748,4.757,384587845,1841396295,-0.01877062706270627
2020-11-02,4.759,4.804,4.759,4.785,200166029,957490285,0.005886062644523848
2020-11-03,4.8,4.863,4.8,4.836,356112935,1720609438,0.01065830721003147
2020-11-04,4.845,4.895,4.83,4.873,344738845,1675789715,0.0076509511993383406
2020-11-05,4.92,4.953,4.9,4.949,375894391,1854962369,0.015596142006977232
2020-11-06,4.958,4.962,4.908,4.951,354123679,1747900635,0.00040412204485740233
2020-11-09,4.98,5.074,4.98,5.048,597987950,3010717306,0.019592001615835297
2020-11-10,5.06,5.063,4.992,5.021,384784687,1934778678,-0.00534865293185427
2020-11-11,5.008,5.028,4.969,4.974,394072600,1969353182,-0.009360685122485557
2020-11-12,4.98,4.994,4.956,4.971,258032875,1283521965,-0.0006031363088058184
2020-11-13,4.951,4.953,4.887,4.92,432927885,2124647713,-0.0102595051297526
2020-11-16,4.945,4.975,4.911,4.973,285108660,1409715394,0.010772357723577208
2020-11-17,4.967,4.97,4.934,4.964,298769617,1479905275,-0.0018097727729740054
2020-11-18,4.96,4.982,4.934,4.957,360698687,1790609652,-0.0014101531023369418
2020-11-19,4.946,5.012,4.938,4.999,270079501,1345193263,0.00847286665321767
2020-11-20,5.0,5.02,4.986,5.014,284503346,1423546310,0.0030006001200240107
2020-11-23,5.03,5.105,5.009,5.072,521147087,2636959456,0.011567610690067731
2020-11-24,5.069,5.075,5.031,5.04,346142109,1747429494,-0.006309148264984188
2020-11-25,5.055,5.077,4.976,4.978,425196010,2134951326,-0.012301587301587369
2020-11-26,4.976,4.99,4.937,4.985,395838615,1966293317,0.0014061872237847162
2020-11-27,4.985,5.06,4.977,5.056,378780759,1897536955,0.014242728184553632
2020-11-30,5.069,5.13,5.028,5.031,535115737,2720233205,-0.004944620253164667
2020-12-01,5.027,5.15,5.026,5.142,475283650,2427406342,0.022063208109719845
2020-12-02,5.145,5.165,5.108,5.131,292946878,1504583763,-0.0021392454297938235
2020-12-03,5.126,5.147,5.103,5.129,248986842,1276108539,-0.0003897875657767891
2020-12-04,5.12,5.147,5.08,5.14,330154760,1690672152,0.0021446675765257606
2020-12-07,5.14,5.142,5.077,5.096,359375330,1833454989,-0.008560311284046662
2020-12-08,5.096,5.12,5.072,5.08,361251873,1839851218,-0.0031397174254317317
2020-12-09,5.095,5.107,5.011,5.02,568550630,2876485547,-0.011811023622047334
2020-12-10,5.01,5.032,4.992,5.01,318947390,1598596517,-0.0019920318725099584
2020-12-11,5.02,5.035,4.918,4.954,403011950,2000650455,-0.011177644710578805
2020-12-14,4.959,5.002,4.948,4.998,251887731,1254112959,0.008881711748082388
2020-12-15,4.998,5.02,4.966,5.013,284412698,1419141948,0.0030012004801920344
2020-12-16,5.02,5.03,5.004,5.023,284081500,1425691988,0.0019948134849390176
2020-12-17,5.022,5.098,5.014,5.094,466230890,2356909280,0.014134979096157796
2020-12-18,5.09,5.095,5.043,5.065,460711300,2334924963,-0.005692972124067497
2020-12-21,5.062,5.121,5.035,5.11,445896144,2272522629,0.008884501480750151
2020-12-22,5.099,5.117,5.026,5.033,515397033,2620513199,-0.015068493150684925
2020-12-23,5.04,5.098,5.037,5.074,338687208,1715172081,0.008146234849989886
2020-12-24,5.074,5.097,5.05,5.074,383376749,1946157074,0.0
2020-12-25,5.054,5.119,5.043,5.116,403356129,2053182584,0.008277493102089029
2020-12-28,5.112,5.16,5.103,5.13,447130014,2291869850,0.002736512900703758
2020-12-29,5.138,5.152,5.106,5.114,342717900,1756155512,-0.003118908382066299
2020-12-30,5.11,5.18,5.107,5.178,340671518,1756760313,0.012514665623777788
2020-12-31,5.188,5.293,5.186,5.287,861799157,4531294876,0.021050598686751743
2021-01-04,5.28,5.366,5.26,5.334,506705639,2697192786,0.008889729525250578
2021-01-05,5.321,5.445,5.305,5.433,622830794,3349890567,0.01856017997750281
2021-01-06,5.447,5.514,5.417,5.482,374945107,2048972312,0.00901895821829557
2021-01-07,5.49,5.6,5.483,5.599,470659227,2604546537,0.021342575702298472
2021-01-08,5.608,5.631,5.519,5.571,697564767,3884322786,-0.0050008930166102195
2021-01-11,5.572,5.62,5.477,5.508,635965163,3536919284,-0.011308562197092087
2021-01-12,5.496,5.672,5.492,5.668,596280782,3327361996,0.029048656499636838
2021-01-13,5.684,5.715,5.61,5.646,552434398,3129878571,-0.003881439661256203
2021-01-14,5.646,5.646,5.538,5.543,696047994,3885747946,-0.01824300389656386
2021-01-15,5.543,5.576,5.46,5.526,709049177,3916989378,-0.0030669312646581792
2021-01-18,5.451,5.547,5.415,5.513,396768553,2176480901,-0.002352515381831344
2021-01-19,5.518,5.53,5.416,5.438,417009672,2282323327,-0.013604208235080795
2021-01-20,5.436,5.495,5.43,5.468,422385751,2307751582,0.0055167340934167974
2021-01-21,5.483,5.588,5.483,5.562,511620315,2833318057,0.017190929041697167
2021-01-22,5.557,5.57,5.506,5.565,554309326,3074483608,0.0005393743257822159
2021-01-25,5.564,5.649,5.531,5.631,450177153,2518875353,0.011859838274932644
2021-01-26,5.607,5.61,5.503,5.511,392744995,2175771665,-0.021310602024507186
2021-01-27,5.505,5.532,5.45,5.521,591541591,3252544454,0.0018145527127562122
2021-01-28,5.46,5.46,5.364,5.385,469951845,2541914763,-0.024633218619815267
2021-01-29,5.407,5.423,5.282,5.348,622113874,3343269149,-0.006870937790157794
2021-02-01,5.348,5.414,5.346,5.411,436288063,2352426025,0.011780104712041828
2021-02-02,5.42,5.494,5.411,5.491,573156921,3133181944,0.014784697837737948
2021-02-03,5.491,5.525,5.464,5.485,281969488,1549207312,-0.0010926971407756447
2021-02-04,5.46,5.51,5.416,5.474,300084150,1639395452,-0.002005469462169618
2021-02-05,5.486,5.547,5.476,5.482,560000491,3085296672,0.00146145414687604
2021-02-08,5.52,5.573,5.482,5.554,475013428,2628084266,0.013133892739875863
2021-02-09,5.575,5.694,5.55,5.692,418299845,2349537935,0.024846957148001447
2021-02-10,5.706,5.833,5.697,5.807,341909857,1973984357,0.0202037947997189
2021-02-18,5.923,5.933,5.748,5.764,470765736,2747359954,-0.007404856208024779
2021-02-19,5.742,5.801,5.671,5.796,709064650,4060011755,0.005551700208188848
2021-02-22,5.785,5.786,5.584,5.589,776075991,4399449170,-0.0357142857142857
2021-02-23,5.55,5.637,5.547,5.574,591250364,3308715193,-0.0026838432635535314
2021-02-24,5.588,5.6,5.371,5.427,1011269033,5539235696,-0.026372443487621133
2021-02-25,5.481,5.523,5.442,5.478,669305438,3670095572,0.009397457158651257
2021-02-26,5.389,5.42,5.321,5.329,837070336,4486159733,-0.027199707922599514
2021-03-01,5.381,5.42,5.348,5.418,558208540,3007992810,0.01670106961906548
2021-03-02,5.446,5.451,5.307,5.349,433859754,2338148827,-0.012735326688815052
2021-03-03,5.333,5.458,5.316,5.454,361154593,1950248200,0.019629837352776125
2021-03-04,5.4,5.4,5.258,5.287,644981648,3428246550,-0.030619728639530552
2021-03-05,5.202,5.311,5.179,5.266,593632850,3111411979,-0.003972006809154549
2021-03-08,5.3,5.325,5.07,5.08,563722005,2929014217,-0.0353209266995822
2021-03-09,5.077,5.095,4.926,4.979,931719068,4677125840,-0.01988188976377947
2021-03-10,5.037,5.061,4.983,5.0,636535760,3197285817,0.00421771440048202
2021-03-11,5.024,5.132,5.015,5.129,620676884,3161968866,0.025799999999999823
2021-03-12,5.145,5.152,5.08,5.142,448201493,2295113622,0.0025346071358940403
2021-03-15,5.118,5.119,4.993,5.04,386572405,1952657088,-0.019836639439906656
2021-03-16,5.042,5.086,5.012,5.073,323236064,1635219630,0.006547619047619024
2021-03-17,5.059,5.121,5.013,5.096,306294597,1554332781,0.004533806426177733
2021-03-18,5.108,5.159,5.106,5.136,319610130,1639545016,0.007849293563579218
2021-03-19,5.072,5.088,4.983,4.997,492195605,2478004771,-0.027063862928348947
2021-03-22,4.995,5.072,4.99,5.054,423486762,2132916087,0.011406844106463865
2021-03-23,5.049,5.058,4.967,5.009,491638773,2459560323,-0.008903838543727671
2021-03-24,4.988,5.03,4.912,4.933,755052862,3741109719,-0.015172689159512975
2021-03-25,4.906,4.951,4.888,4.929,284908649,1402397542,-0.0008108655990268776
2021-03-26,4.95,5.056,4.946,5.033,556534950,2790146481,0.02109961452627318
2021-03-29,5.045,5.08,5.005,5.043,639256772,3229920086,0.0019868865487779885
2021-03-30,5.04,5.104,5.03,5.087,268283890,1361536031,0.008724965298433363
2021-03-31,5.083,5.084,5.013,5.05,230812676,1163103563,-0.007273442107332384
2021-04-01,5.056,5.12,5.052,5.112,322996435,1641836115,0.012277227722772288
2021-04-02,5.13,5.166,5.109,5.161,280334645,1440678165,0.009585289514866924
2021-04-06,5.173,5.177,5.12,5.133,234635544,1206265186,-0.005425305173415884
2021-04-07,5.138,5.14,5.067,5.098,175217273,891976442,-0.006818624586012123
2021-04-08,5.081,5.13,5.057,5.109,140755921,718026031,0.002157708905453193
2021-04-09,5.095,5.095,5.025,5.038,222329800,1122455291,-0.0138970444313955
2021-04-12,5.026,5.049,4.937,4.954,663938234,3300299232,-0.01667328304882898
2021-04-13,4.946,4.994,4.929,4.947,453545245,2247446204,-0.0014129995962857134
2021-04-14,4.952,4.989,4.943,4.975,527184200,2620909273,0.005659995957145725
2021-04-15,4.96,4.965,4.894,4.947,493540700,2431754041,-0.00562814070351747
2021-04-16,4.959,4.975,4.918,4.963,499894030,2476638366,0.0032342834040832713
2021-04-19,4.959,5.097,4.936,5.089,567369226,2864077168,0.02538787023977429
2021-04-20,5.071,5.116,5.062,5.081,369851557,1882537197,-0.0015720180782079485
2021-04-21,5.049,5.108,5.047,5.093,414321361,2104768796,0.002361739814996877
2021-04-22,5.101,5.118,5.065,5.089,448399160,2279984129,-0.0007853917141172895
2021-04-23,5.081,5.15,5.081,5.14,322992630,1656258287,0.010021615248575255
2021-04-26,5.151,5.191,5.071,5.076,538061634,2762169537,-0.012451361867704347
2021-04-27,5.08,5.098,5.053,5.089,317792609,1612968576,0.002561071710007967
2021-04-28,5.071,5.13,5.056,5.127,301245972,1535175286,0.007467085871487367
2021-04-29,5.128,5.18,5.12,5.173,380984480,1964024088,0.008972108445484794
2021-04-30,5.161,5.172,5.094,5.128,404241300,2075946585,-0.008699014111734016
2021-05-06,5.109,5.142,5.035,5.061,407574566,2073197356,-0.01306552262090488
2021-05-07,5.073,5.097,4.996,5.0,338289245,1705351377,-0.012052953961667612
2021-05-10,5.004,5.025,4.955,4.999,369199148,1843018242,-0.000200000000000089
2021-05-11,4.967,5.044,4.932,5.025,397926530,1985720798,0.005201040208041796
2021-05-12,5.014,5.063,4.996,5.056,253971232,1277881517,0.006169154228855556
2021-05-13,5.016,5.027,4.976,5.001,472543935,2363024820,-0.010878164556962
2021-05-14,5.02,5.129,4.992,5.127,848963043,4316323603,0.02519496100779839
2021-05-17,5.123,5.215,5.117,5.188,667255521,3464215782,0.01189779598205587
2021-05-18,5.199,5.212,5.167,5.19,283458826,1469848173,0.00038550501156531247
2021-05-19,5.18,5.196,5.153,5.176,393359467,2034732842,-0.002697495183044407
2021-05-20,5.172,5.206,5.152,5.19,270139103,1400149094,0.002704791344667834
2021-05-21,5.197,5.227,5.123,5.135,541063511,2791300042,-0.010597302504817052
2021-05-24,5.135,5.164,5.096,5.163,349612789,1796637071,0.0054527750730284374
2021-05-25,5.163,5.338,5.163,5.327,1536160149,8133780760,0.03176447801665683
2021-05-26,5.331,5.353,5.316,5.328,486861122,2596720927,0.0001877229209688025
2021-05-27,5.32,5.394,5.296,5.347,530753500,2835202994,0.0035660660660661314
2021-05-28,5.346,5.373,5.3,5.332,345621858,1843452031,-0.0028053113895643023
2021-05-31,5.329,5.339,5.29,5.338,328603031,1745986740,0.0011252813203301848
2021-06-01,5.333,5.35,5.271,5.346,454422825,2415673323,0.0014986886474335215
2021-06-02,5.351,5.357,5.276,5.303,577607087,3069526940,-0.00804339693228584
2021-06-03,5.3,5.323,5.26,5.262,443276399,2344157011,-0.00773147275127295
2021-06-04,5.25,5.352,5.233,5.295,558117757,2951205182,0.006271379703534752
2021-06-07,5.295,5.298,5.251,5.289,265277430,1399803061,-0.001133144475920722
2021-06-08,5.289,5.34,5.213,5.247,454203706,2392039783,-0.00794100964265454
2021-06-09,5.233,5.266,5.231,5.255,259513156,1362104027,0.0015246807699638154
2021-06-10,5.249,5.324,5.248,5.289,404112579,2139819984,0.006470028544243611
2021-06-11,5.293,5.307,5.236,5.24,337555800,1774141747,-0.009264511249763574
2021-06-15,5.24,5.25,5.154,5.181,431236597,2237735909,-0.01125954198473289
2021-06-16,5.175,5.183,5.094,5.11,557301699,2861614501,-0.013703918162516815
2021-06-17,5.1,5.144,5.097,5.121,342210455,1752532813,0.002152641878669259
2021-06-18,5.12,5.155,5.089,5.126,523765660,2681620828,0.0009763718023823031
2021-06-21,5.108,5.155,5.087,5.119,449263050,2297972209,-0.0013655872024971316
2021-06-22,5.14,5.151,5.111,5.145,678314191,3481237670,0.005079117015041934
2021-06-23,5.152,5.203,5.136,5.176,586465223,3034353444,0.00602526724975716
2021-06-24,5.18,5.19,5.155,5.189,217509708,1125515428,0.002511591962905735
2021-06-25,5.193,5.289,5.191,5.27,619258662,3253306021,0.015609944112545682
2021-06-28,5.278,5.29,5.257,5.279,445496481,2349760661,0.0017077798861480087
2021-06-29,5.279,5.279,5.215,5.225,290185647,1520211071,-0.010229210077666306
2021-06-30,5.226,5.267,5.225,5.256,371170976,1948238474,0.005933014354067012
2021-07-01,5.273,5.284,5.222,5.254,564373863,2964560981,-0.0003805175038052999
2021-07-02,5.22,5.222,5.111,5.113,442235989,2278045477,-0.02683669585078019
2021-07-05,5.113,5.132,5.09,5.12,257570313,1316062245,0.00136905926070785
2021-07-06,5.12,5.13,5.071,5.127,381688734,1946038944,0.0013671874999998668
2021-07-07,5.105,5.202,5.097,5.18,349465134,1802156519,0.010337429295884437
2021-07-08,5.189,5.196,5.121,5.136,328035047,1689688924,-0.008494208494208455
2021-07-09,5.12,5.128,5.056,5.112,426231921,2174685021,-0.004672897196261738
2021-07-12,5.15,5.209,5.122,5.18,596692894,3088418555,0.013302034428794851
2021-07-13,5.179,5.214,5.168,5.196,346440364,1798359498,0.003088803088802994
2021-07-14,5.191,5.191,5.128,5.139,382469318,1970051836,-0.010969976905311651
2021-07-15,5.131,5.214,5.124,5.207,355286695,1839020775,0.013232146331971117
2021-07-16,5.2,5.205,5.152,5.156,370235145,1916254592,-0.00979450739389287
2021-07-19,5.147,5.188,5.106,5.178,332046158,1709347745,0.004266873545384131
2021-07-20,5.14,5.179,5.131,5.165,306679327,1581145200,-0.002510621861722684
2021-07-21,5.18,5.225,5.172,5.204,578430257,3011038370,0.007550822846079219
2021-07-22,5.205,5.233,5.198,5.209,269684073,1405906247,0.0009607993850884178
2021-07-23,5.21,5.211,5.145,5.157,268144135,1384583057,-0.009982722211556827
2021-07-26,5.137,5.138,4.923,4.982,915273374,4590557872,-0.03393445801822759
2021-07-27,4.979,5.0,4.803,4.809,807205216,3972490920,-0.034725010036130044
2021-07-28,4.803,4.843,4.735,4.819,913347342,4378815460,0.0020794343938448367
2021-07-29,4.899,4.917,4.858,4.906,640206355,3130337228,0.018053538078439457
2021-07-30,4.883,4.884,4.821,4.872,225870235,1097220227,-0.006930289441500204
2021-08-02,4.856,5.004,4.824,4.993,375203941,1853444876,0.024835796387520537
2021-08-03,4.971,5.019,4.955,4.995,233009764,1161609447,0.0004005607850992021
2021-08-04,4.984,5.04,4.982,5.039,248645287,1248682987,0.008808808808808744
2021-08-05,5.004,5.058,4.981,5.009,209871649,1053873944,-0.005953562214724983
2021-08-06,5.0,5.005,4.962,4.993,112699204,561475942,-0.0031942503493711527
2021-08-09,4.97,5.067,4.952,5.048,229090628,1151898657,0.011015421590226282
2021-08-10,5.036,5.108,5.002,5.105,324122381,1635519300,0.011291600633914545
2021-08-11,5.098,5.124,5.075,5.078,239129600,1219614186,-0.005288932419196923
2021-08-12,5.06,5.081,5.036,5.046,133971695,677135203,-0.006301693580149648
2021-08-13,5.033,5.066,4.99,5.019,202566401,1017354166,-0.005350772889417432
2021-08-16,5.013,5.044,5.001,5.016,186203629,934436575,-0.000597728631201444
2021-08-17,5.01,5.042,4.895,4.904,352300896,1751144106,-0.022328548644338087
2021-08-18,4.904,4.986,4.892,4.957,384771032,1901295854,0.010807504078303332
2021-08-19,4.94,4.957,4.901,4.923,240311000,1185219027,-0.006858987290700003
2021-08-20,4.912,4.913,4.788,4.833,418441340,2023086385,-0.018281535648994485
2021-08-23,4.843,4.911,4.84,4.905,352961261,1724629446,0.014897579143389184
2021-08-24,4.91,4.978,4.91,4.957,317705413,1571638429,0.010601427115188411
2021-08-25,4.965,4.973,4.938,4.971,207656406,1029752682,0.00282428888440589
2021-08-26,4.968,4.969,4.87,4.886,194840259,956302469,-0.01709917521625426
2021-08-27,4.879,4.944,4.876,4.899,232236414,1140911545,0.002660663119115725
2021-08-30,4.911,4.922,4.859,4.881,215532211,1052155091,-0.003674219228413933
2021-08-31,4.882,4.897,4.81,4.879,245032607,1190430817,-0.00040975209997962114
2021-09-01,4.88,4.988,4.84,4.949,386518269,1903964598,0.01434720229555242
2021-09-02,4.96,4.968,4.92,4.945,224004834,1107121906,-0.0008082440897150267
2021-09-03,4.945,4.969,4.909,4.918,348367264,1718509769,-0.005460060667340727
2021-09-06,4.918,5.016,4.914,5.002,494535866,2468976363,0.017080113867425695
2021-09-07,5.0,5.089,4.986,5.065,457495603,2304933623,0.012594962015193945
2021-09-08,5.069,5.093,5.028,5.044,236943077,1198609525,-0.004146100691016952
2021-09-09,5.031,5.043,5.002,5.042,182545189,917262214,-0.0003965107057890549
2021-09-10,5.037,5.127,5.034,5.091,389334975,1982110598,0.00971836572788587
2021-09-13,5.085,5.109,5.035,5.064,320015733,1620670961,-0.005303476723629963
2021-09-14,5.065,5.082,4.977,4.998,327711994,1645687915,-0.013033175355450233
2021-09-15,4.99,4.991,4.917,4.945,270735874,1340902838,-0.010604241696678618
2021-09-16,4.945,4.955,4.881,4.889,429348425,2106848912,-0.011324570273003043
2021-09-17,4.888,4.934,4.868,4.928,513992694,2520613348,0.007977091429740124
2021-09-22,4.86,4.912,4.852,4.895,491629600,2399574657,-0.006696428571428603
2021-09-23,4.917,4.955,4.906,4.924,286973255,1413518503,0.005924412665985868
2021-09-24,4.928,4.975,4.918,4.931,464771190,2299464435,0.0014216084484157676
2021-09-27,4.945,4.998,4.921,4.963,359893578,1786172115,0.00648955587102007
2021-09-28,4.955,4.98,4.926,4.954,263635257,1306079041,-0.0018134193028410683
2021-09-29,4.922,4.949,4.878,4.921,592261073,2909490209,-0.00666128381106168
2021-09-30,4.923,4.953,4.921,4.935,312959671,1544835059,0.002844950213371167
2021-10-08,4.978,5.015,4.971,5.006,244624120,1222701431,0.014387031408308104
2021-10-11,5.014,5.06,5.001,5.005,260322371,1309512481,-0.00019976028765489318
2021-10-12,4.987,4.998,4.913,4.953,330606824,1639579407,-0.010389610389610282
2021-10-13,4.945,5.025,4.943,5.009,253573666,1264333991,0.011306279022814447
2021-10-14,5.003,5.028,4.971,4.982,199808658,998317197,-0.005390297464563765
2021-10-15,4.979,5.017,4.96,5.006,217970095,1089703600,0.004817342432757998
2021-10-18,5.003,5.004,4.916,4.948,251260474,1241208468,-0.011586096683979141
2021-10-19,4.94,5.0,4.937,4.995,288469796,1436191679,0.00949878738884391
2021-10-20,5.0,5.022,4.971,4.981,156696300,782001177,-0.002802802802802873
2021-10-21,4.98,5.027,4.962,5.003,224085516,1119219633,0.004416783778357747
2021-10-22,5.01,5.072,5.01,5.036,334597340,1686635695,0.006596042374575228
2021-10-25,5.022,5.061,5.011,5.053,265374504,1336929143,0.003375694996028633
2021-10-26,5.055,5.088,5.023,5.036,247909532,1251852282,-0.00336433801701963
2021-10-27,5.024,5.024,4.958,4.97,278104300,1385676615,-0.013105639396346236
2021-10-28,4.96,4.977,4.926,4.949,441341200,2185194500,-0.004225352112676051
2021-10-29,4.946,4.982,4.934,4.981,426484699,2114092671,0.006465952717720658
2021-11-01,4.957,4.988,4.939,4.965,195002345,967955364,-0.00321220638426023
2021-11-02,4.962,4.995,4.874,4.913,429413513,2119278887,-0.010473313192346345
2021-11-03,4.91,4.936,4.879,4.893,340635107,1671068454,-0.004070832485243314
2021-11-04,4.913,4.951,4.912,4.94,284423300,1403738125,0.009605558961782279
2021-11-05,4.93,4.967,4.922,4.923,265600790,1312374545,-0.003441295546558809
2021-11-08,4.92,4.948,4.902,4.919,312485200,1539084826,-0.0008125126955109696
2021-11-09,4.935,4.952,4.892,4.917,262840000,1292760723,-0.0004065867046146865
2021-11-10,4.913,4.913,4.826,4.892,489426383,2379856064,-0.0050844010575553655
2021-11-11,4.882,4.975,4.88,4.972,352364995,1740182227,0.01635322976287812
2021-11-12,4.976,4.991,4.954,4.97,272906704,1355972393,-0.0004022526146421068
2021-11-15,4.974,4.991,4.943,4.964,335915381,1667408825,-0.0012072434607645066
2021-11-16,4.966,4.996,4.95,4.96,351870307,1750476662,-0.0008058017727640143
2021-11-17,4.953,4.974,4.941,4.959,226981757,1125215664,-0.00020161290322584513
2021-11-18,4.947,4.952,4.902,4.915,360601200,1774308236,-0.008872756604153986
2021-11-19,4.91,4.976,4.905,4.97,275920589,1365616714,0.011190233977619535
2021-11-22,4.974,4.995,4.967,4.983,353647489,1761554915,0.002615694164989968
2021-11-23,4.976,5.0,4.966,4.986,317267246,1582334509,0.0006020469596628164
2021-11-24,4.986,5.016,4.974,4.997,178594706,891904463,0.002206177296430134
2021-11-25,4.998,4.999,4.97,4.978,137259970,683495479,-0.0038022813688213253
2021-11-26,4.965,4.966,4.927,4.936,204637800,1011650370,-0.008437123342707853
2021-11-29,4.9,4.938,4.9,4.929,233856000,1151391533,-0.0014181523500810256
2021-11-30,4.932,4.949,4.888,4.911,183680000,903625434,-0.0036518563603166188
2021-12-01,4.911,4.929,4.907,4.924,211626158,1040600306,0.0026471187130931995
2021-12-02,4.92,4.945,4.903,4.934,161035147,794007121,0.002030869212022779
2021-12-03,4.934,4.98,4.926,4.979,219632143,1087954879,0.00912038913660318
2021-12-06,4.982,5.016,4.969,4.974,332899117,1663482019,-0.0010042177144005127
2021-12-07,4.995,5.009,4.978,5.002,212426758,1060624162,0.005629272215520675
2021-12-08,5.007,5.079,4.989,5.074,341191710,1721655416,0.01439424230307873
2021-12-09,5.078,5.204,5.076,5.158,633221175,3267970660,0.01655498620417828
2021-12-10,5.143,5.15,5.123,5.143,396126046,2035800619,-0.0029081039162467404
2021-12-13,5.167,5.227,5.149,5.156,429033771,2227870765,0.002527707563678705
2021-12-14,5.137,5.155,5.115,5.125,362687781,1860581410,-0.006012412723041094
2021-12-15,5.12,5.136,5.075,5.079,203583199,1038757245,-0.008975609756097569
2021-12-16,5.082,5.107,5.065,5.106,377304328,1919332421,0.005316007088009389
2021-12-17,5.098,5.101,5.031,5.033,622618900,3145885077,-0.014296905601253296
2021-12-20,5.019,5.05,4.947,4.958,851825300,4250322969,-0.01490164911583547
2021-12-21,4.953,4.992,4.949,4.979,517133515,2572582597,0.004235578862444411
2021-12-22,4.992,5.004,4.97,4.982,666046188,3320651900,0.000602530628640352
2021-12-23,4.993,5.026,4.978,5.02,302305260,1512949495,0.007627458851866553
2021-12-24,5.026,5.032,4.978,4.997,260396101,1301806385,-0.004581673306772838
2021-12-27,4.997,5.018,4.97,5.001,504491326,2520394801,0.0008004802881729223
2021-12-28,5.001,5.037,4.992,5.027,639914174,3209575435,0.005198960207958292
2021-12-29,5.025,5.031,4.959,4.96,403865556,2011288440,-0.013328028645315348
2021-12-30,4.96,5.017,4.955,4.996,474498019,2369943644,0.007258064516129092
2021-12-31,5.01,5.029,4.994,5.008,351416595,1760912797,0.0024019215372297342
2022-01-04,5.025,5.027,4.942,4.99,486355276,2417587490,-0.0035942492012779326
2022-01-05,4.979,4.992,4.925,4.943,464073106,2300116660,-0.009418837675350789
2022-01-06,4.923,4.933,4.857,4.887,517272800,2530768429,-0.011329152336637671
2022-01-07,4.9,4.93,4.893,4.899,478519700,2349400429,0.0024554941682013443
2022-01-10,4.888,4.923,4.859,4.912,491122307,2406258642,0.0026536027760766245
2022-01-11,4.912,4.924,4.864,4.867,412218898,2014962361,-0.009161237785016318
2022-01-12,4.884,4.933,4.884,4.919,511332582,2511098388,0.010684199712348352
2022-01-13,4.93,4.932,4.836,4.838,488272297,2379000209,-0.016466761536897634
2022-01-14,4.825,4.84,4.791,4.794,410029000,1972987305,-0.009094667217858676
2022-01-17,4.798,4.851,4.797,4.835,498349057,2407274463,0.008552357113058129
2022-01-18,4.832,4.897,4.815,4.881,624167062,3038466592,0.00951396070320576
2022-01-19,4.815,4.839,4.756,4.78,522439260,2501399275,-0.020692481048965372
2022-01-20,4.775,4.847,4.774,4.818,541278488,2608626685,0.00794979079497904
2022-01-21,4.81,4.815,4.764,4.784,781436980,3739337873,-0.007056870070568655
2022-01-24,4.76,4.799,4.748,4.786,460574013,2197609279,0.0004180602006689238
2022-01-25,4.762,4.777,4.676,4.68,595270865,2814468229,-0.02214793146677807
2022-01-26,4.695,4.711,4.65,4.706,521842100,2449571754,0.005555555555555758
2022-01-27,4.693,4.699,4.616,4.625,607621674,2827030197,-0.017212069698257615
2022-01-28,4.637,4.659,4.55,4.554,858391702,3950302957,-0.015351351351351239
2022-02-07,4.625,4.663,4.606,4.626,484586760,2243165816,0.015810276679841806
2022-02-08,4.626,4.626,4.515,4.604,448141306,2050015387,-0.004755728491137146
2022-02-09,4.606,4.653,4.59,4.643,458938095,2124086971,0.008470894874022417
2022-02-10,4.65,4.653,4.606,4.632,495383095,2291737788,-0.002369157872065486
2022-02-11,4.614,4.658,4.593,4.596,461743608,2134586500,-0.007772020725388518
2022-02-14,4.58,4.594,4.526,4.547,329967908,1503834184,-0.010661444734551884
2022-02-15,4.548,4.593,4.546,4.589,604314440,2765515057,0.009236859467781189
2022-02-16,4.61,4.634,4.598,4.61,449800548,2076275356,0.004576160383525707
2022-02-17,4.605,4.644,4.599,4.62,629040692,2909007334,0.002169197396963085
2022-02-18,4.6,4.645,4.595,4.644,304105215,1405440367,0.0051948051948051965
2022-02-21,4.636,4.637,4.605,4.627,324195053,1497429121,-0.003660637381567744
2022-02-22,4.59,4.597,4.549,4.567,315316769,1438664973,-0.012967365463583236
2022-02-23,4.58,4.618,4.571,4.615,446903932,2054646295,0.010510181738559332
2022-02-24,4.59,4.602,4.489,4.53,591236542,2683234005,-0.018418201516793076
2022-02-25,4.553,4.611,4.553,4.565,384466069,1760979832,0.007726269315673218
2022-02-28,4.562,4.573,4.522,4.571,269317076,1225032615,0.001314348302299928
2022-03-01,4.588,4.617,4.573,4.609,326162903,1499507431,0.008313279369940973
2022-03-02,4.589,4.59,4.552,4.574,194601292,889476591,-0.007593838142764153
2022-03-03,4.59,4.6,4.535,4.545,200689920,914647557,-0.006340183646698749
2022-03-04,4.505,4.534,4.48,4.494,405376626,1823719304,-0.011221122112211268
2022-03-07,4.459,4.459,4.328,4.346,583112990,2553534379,-0.03293279928793935
2022-03-08,4.347,4.371,4.248,4.264,691708074,2976687582,-0.018867924528301883
2022-03-09,4.272,4.294,4.07,4.224,786748812,3301655736,-0.009380863039399667
2022-03-10,4.3,4.326,4.282,4.284,552846528,2377355398,0.014204545454545414
2022-03-11,4.228,4.318,4.175,4.312,397342208,1687296407,0.0065359477124184995
2022-03-14,4.25,4.274,4.171,4.172,433100428,1828943108,-0.032467532467532645
2022-03-15,4.135,4.164,3.968,3.973,1044477802,4244938233,-0.047698945349952004
2022-03-16,4.035,4.17,3.942,4.146,1325138541,5383854367,0.04354392146992203
2022-03-17,4.223,4.294,4.205,4.23,1147561626,4866876953,0.02026049204052116
2022-03-18,4.21,4.276,4.189,4.258,403021732,1703858645,0.006619385342789608
2022-03-21,4.263,4.28,4.212,4.252,372016391,1581985311,-0.0014091122592767569
2022-03-22,4.232,4.282,4.231,4.248,250422476,1064168279,-0.0009407337723422726
2022-03-23,4.258,4.286,4.24,4.273,308244671,1314097169,0.005885122410546062
2022-03-24,4.25,4.27,4.213,4.246,220641762,935511944,-0.006318745611982091
2022-03-25,4.245,4.254,4.167,4.169,356808307,1499894627,-0.01813471502590691
2022-03-28,4.134,4.174,4.083,4.144,415593846,1715993645,-0.005996641880546716
2022-03-29,4.155,4.173,4.119,4.126,231033117,957679748,-0.004343629343629307
2022-03-30,4.154,4.252,4.154,4.249,500257530,2107747773,0.029810954920019173
2022-03-31,4.239,4.244,4.21,4.218,424278996,1791950308,-0.007295834313956195
2022-04-01,4.187,4.289,4.185,4.269,375247241,1594296080,0.012091038406828014
2022-04-06,4.243,4.269,4.228,4.257,339893770,1443714218,-0.0028109627547435734
2022-04-07,4.237,4.268,4.202,4.205,278398351,1177384174,-0.012215175005872547
2022-04-08,4.208,4.236,4.175,4.233,320271297,1349449555,0.006658739595719387
2022-04-11,4.205,4.206,4.088,4.101,580058497,2391596005,-0.03118355776045345
2022-04-12,4.103,4.176,4.076,4.171,806475900,3334403949,0.017069007559131988
2022-04-13,4.151,4.187,4.135,4.139,387260208,1609161765,-0.0076720210980579795
2022-04-14,4.176,4.212,4.153,4.183,573689243,2400662554,0.010630587098332756
2022-04-15,4.16,4.206,4.15,4.181,532237966,2224422362,-0.00047812574707140065
2022-04-18,4.145,4.164,4.117,4.161,279709272,1159501389,-0.004783544606553614
2022-04-19,4.16,4.186,4.11,4.134,313996240,1301465627,-0.006488824801730186
2022-04-20,4.132,4.138,4.058,4.064,390343438,1596762869,-0.0169327527818095
2022-04-21,4.052,4.081,3.975,3.996,792508456,3193817666,-0.0167322834645669
2022-04-22,3.965,4.037,3.952,4.006,617378397,2469379279,0.0025025025025025016
2022-04-25,3.945,3.959,3.807,3.813,1654284344,6447291622,-0.04817773339990017
2022-04-26,3.816,3.873,3.774,3.783,1543759738,5888627373,-0.007867820613690069
2022-04-27,3.771,3.891,3.76,3.889,1372583856,5260465092,0.02802008987575988
2022-04-28,3.872,3.935,3.869,3.915,1072926129,4183266934,0.00668552327076366
2022-04-29,3.929,4.019,3.893,4.015,763121189,3024738240,0.025542784163473664
2022-05-05,3.98,4.031,3.97,4.0,736095393,2950065279,-0.0037359900373598043
2022-05-06,3.925,3.943,3.9,3.903,520669718,2042557049,-0.024249999999999994
2022-05-09,3.878,3.906,3.85,3.871,318700633,1234844482,-0.008198821419420965
2022-05-10,3.833,3.933,3.808,3.916,547467162,2129935211,0.011624903125807329
2022-05-11,3.909,4.026,3.909,3.971,629011561,2502148839,0.014044943820224809
2022-05-12,3.955,3.979,3.933,3.951,307105783,1215316563,-0.0050365147318055525
2022-05-13,3.988,3.999,3.952,3.982,279973247,1113468054,0.007846114907618329
2022-05-16,4.0,4.014,3.94,3.951,442584342,1755248937,-0.007785032646911105
2022-05-17,3.96,4.001,3.949,4.0,300849564,1197703803,0.012401923563654771
2022-05-18,4.007,4.017,3.96,3.986,264017324,1052734331,-0.0034999999999999476
2022-05-19,3.947,3.997,3.936,3.995,324962036,1289180789,0.002257902659307476
2022-05-20,4.02,4.08,4.01,4.079,600461424,2434115747,0.02102628285356678
2022-05-23,4.079,4.079,4.021,4.047,512091273,2070370273,-0.007845060063741083
2022-05-24,4.046,4.049,3.96,3.965,415664500,1664349497,-0.020261922411662914
2022-05-25,3.96,3.984,3.948,3.982,457684097,1814584625,0.004287515762925631
2022-05-26,3.983,4.02,3.932,3.992,481614068,1914318710,0.0025113008538422132
2022-05-27,4.022,4.057,3.985,4.002,553297211,2228537581,0.0025050100200401104
2022-05-30,4.02,4.043,4.007,4.025,450531920,1813277775,0.005747126436781658
2022-05-31,4.025,4.103,4.016,4.089,452258118,1836840908,0.01590062111801238
2022-06-01,4.089,4.096,4.06,4.083,377434508,1540652770,-0.0014673514306676738
2022-06-02,4.066,4.098,4.058,4.094,290132608,1183803267,0.0026940974773450588
2022-06-06,4.092,4.177,4.065,4.176,423835904,1751273369,0.02002931118710305
2022-06-07,4.161,4.202,4.155,4.182,380864188,1592929720,0.001436781609195359
2022-06-08,4.185,4.23,4.165,4.224,427291052,1796493323,0.010043041606886627
2022-06-09,4.215,4.234,4.173,4.19,291614828,1226358662,-0.008049242424242431
2022-06-10,4.159,4.26,4.158,4.248,648069142,2738650040,0.013842482100238529
2022-06-13,4.21,4.223,4.17,4.196,579900248,2431783718,-0.012241054613936098
2022-06-14,4.165,4.24,4.115,4.236,624902550,2613833382,0.009532888465205058
2022-06-15,4.233,4.364,4.233,4.285,1121885205,4834544988,0.011567516525023747
2022-06-16,4.298,4.317,4.249,4.258,507512036,2175195322,-0.006301050175029244
2022-06-17,4.241,4.337,4.235,4.321,715647404,3070562903,0.014795678722404837
2022-06-20,4.331,4.388,4.308,4.342,732434457,3177526646,0.004859986114325476
2022-06-21,4.342,4.378,4.305,4.34,422401546,1833860937,-0.0004606172270842368
2022-06-22,4.34,4.347,4.282,4.29,361964272,1560986297,-0.011520737327188946
2022-06-23,4.291,4.367,4.284,4.365,405693924,1755177553,0.0174825174825175
2022-06-24,4.375,4.426,4.363,4.413,414833849,1823076991,0.010996563573883122
2022-06-27,4.429,4.499,4.429,4.461,455981050,2036731655,0.010876954452753163
2022-06-28,4.46,4.526,4.433,4.513,374882378,1678987256,0.011656579242322218
2022-06-29,4.498,4.527,4.443,4.458,544835604,2437464367,-0.012187015289164549
2022-06-30,4.454,4.545,4.453,4.508,568051561,2558737770,0.0112157918349034
2022-07-01,4.52,4.525,4.474,4.493,445571244,2004084502,-0.0033274179236911783
2022-07-04,4.478,4.523,4.449,4.521,387421725,1742756113,0.006231916314266561
2022-07-05,4.526,4.565,4.462,4.511,392115820,1764375389,-0.0022119000221189067
2022-07-06,4.5,4.51,4.423,4.452,318962717,1422718113,-0.013079139880292634
2022-07-07,4.445,4.488,4.422,4.468,403045946,1799540021,0.003593890386343279
2022-07-08,4.491,4.513,4.457,4.464,208249030,933514536,-0.0008952551477170445
2022-07-11,4.446,4.446,4.37,4.388,452207498,1985923671,-0.0170250896057349
2022-07-12,4.382,4.407,4.338,4.352,343539200,1500811278,-0.008204193254329861
2022-07-13,4.355,4.379,4.328,4.359,295600301,1286893961,0.0016084558823528106
2022-07-14,4.355,4.389,4.336,4.36,326414269,1423957223,0.0002294104152329446
2022-07-15,4.35,4.4,4.293,4.295,737307108,3198511731,-0.01490825688073405
2022-07-18,4.312,4.359,4.274,4.341,389115108,1680718462,0.010710128055879009
2022-07-19,4.337,4.337,4.285,4.319,353527001,1526690226,-0.005067956692006548
2022-07-20,4.34,4.36,4.318,4.331,299838373,1301780820,0.002778420930771075
2022-07-21,4.315,4.338,4.285,4.286,310492643,1336941254,-0.01039021011313801
2022-07-22,4.301,4.335,4.259,4.289,314768801,1353688808,0.0006999533364442367
2022-07-25,4.285,4.288,4.253,4.271,251676078,1074518097,-0.004196782466775462
2022-07-26,4.277,4.32,4.274,4.3,376254537,1616765933,0.006789978927651541
2022-07-27,4.29,4.297,4.268,4.276,257178619,1100930340,-0.00558139534883717
2022-07-28,4.292,4.33,4.275,4.279,369581028,1591342846,0.0007015902712816935
2022-07-29,4.283,4.305,4.211,4.22,471265353,2000643545,-0.013788268286982985
2022-08-01,4.206,4.248,4.181,4.238,298391483,1259938955,0.004265402843601995
2022-08-02,4.21,4.21,4.132,4.167,543973256,2264729834,-0.016753185464842058
2022-08-03,4.18,4.209,4.111,4.122,376662823,1569163066,-0.010799136069114423
2022-08-04,4.139,4.162,4.122,4.153,261750872,1084601677,0.007520621057738985
2022-08-05,4.156,4.224,4.153,4.218,393385248,1643679832,0.01565133638333749
2022-08-08,4.201,4.219,4.193,4.204,157282357,661606877,-0.0033191085822665833
2022-08-09,4.202,4.219,4.19,4.211,241824356,1017515521,0.0016650808753568835
2022-08-10,4.202,4.216,4.148,4.166,203763174,851095724,-0.010686297791498434
2022-08-11,4.183,4.26,4.176,4.254,348050252,1469915003,0.021123379740758397
2022-08-12,4.252,4.266,4.238,4.255,205589752,874286490,0.0002350728725906137
2022-08-15,4.242,4.286,4.238,4.245,232822800,991661294,-0.00235017626321965
2022-08-16,4.25,4.272,4.227,4.235,168483356,715599992,-0.002355712603062332
2022-08-17,4.236,4.287,4.211,4.276,281022766,1196207108,0.009681227863045816
2022-08-18,4.27,4.274,4.234,4.239,199968110,849821038,-0.008652946679139406
2022-08-19,4.235,4.251,4.207,4.209,289441065,1223343184,-0.007077140835102691
2022-08-22,4.2,4.248,4.196,4.236,310932370,1316161171,0.006414825374198241
2022-08-23,4.233,4.25,4.203,4.222,275877595,1164226234,-0.003305004721435134
2022-08-24,4.234,4.238,4.136,4.145,403161100,1683776031,-0.018237801989578584
2022-08-25,4.153,4.186,4.124,4.181,332510691,1381245566,0.00868516284680343
2022-08-26,4.179,4.201,4.168,4.175,226855432,949304012,-0.001435063381966084
2022-08-29,4.141,4.161,4.125,4.15,234594502,972243824,-0.0059880239520956335
2022-08-30,4.154,4.156,4.106,4.141,232094792,958534782,-0.0021686746987952255
2022-08-31,4.124,4.182,4.113,4.141,555279634,2299526279,0.0
2022-09-01,4.13,4.153,4.098,4.107,320251600,1320917293,-0.00821057715527651
2022-09-02,4.11,4.119,4.064,4.084,263737445,1078568286,-0.005600194789384116
2022-09-05,4.075,4.083,4.04,4.082,215865010,876596965,-0.0004897159647403448
2022-09-06,4.095,4.116,4.074,4.111,264101508,1081646065,0.007104360607545379
2022-09-07,4.097,4.131,4.094,4.119,183572795,755009708,0.0019459985405010372
2022-09-08,4.123,4.131,4.1,4.101,171632183,705978922,-0.004369992716678706
2022-09-09,4.107,4.167,4.106,4.159,392975947,1630730745,0.014142891977566352
2022-09-13,4.166,4.195,4.162,4.173,327431190,1368323051,0.00336619379658587
2022-09-14,4.134,4.155,4.114,4.127,429913863,1777685334,-0.01102324466810456
2022-09-15,4.134,4.147,4.065,4.09,588844446,2414072683,-0.008965350133268712
2022-09-16,4.077,4.087,3.996,4.0,725780900,2929005272,-0.022004889975550057
2022-09-19,3.994,4.015,3.975,3.989,397790449,1588020723,-0.00275000000000003
2022-09-20,4.006,4.023,3.98,3.991,301514995,1206397489,0.0005013787916772205
2022-09-21,3.98,3.99,3.943,3.961,363488622,1441702412,-0.007516913054372409
2022-09-22,3.945,3.964,3.92,3.932,279846800,1101764633,-0.007321383489017896
2022-09-23,3.932,3.951,3.892,3.924,520249045,2042024441,-0.0020345879959308144
2022-09-26,3.9,3.958,3.894,3.899,756033583,2966154628,-0.006371049949031593
2022-09-27,3.91,3.957,3.892,3.949,519160341,2035835677,0.01282380097460889
2022-09-28,3.935,3.938,3.89,3.893,530081606,2073607923,-0.01418080526715626
2022-09-29,3.916,3.937,3.873,3.894,506083627,1977736758,0.0002568713074750928
2022-09-30,3.895,3.915,3.865,3.868,638378801,2480624616,-0.00667693888032872
2022-10-10,3.867,3.87,3.777,3.789,684109248,2614912261,-0.02042399172699061
2022-10-11,3.791,3.804,3.77,3.786,491380691,1861116628,-0.0007917656373713777
2022-10-12,3.787,3.851,3.719,3.848,731512983,2765038458,0.01637612255678822
2022-10-13,3.816,3.847,3.806,3.815,345140276,1318777601,-0.00857588357588357
2022-10-14,3.852,3.923,3.843,3.903,749629133,2913802969,0.023066841415465333
2022-10-17,3.895,3.906,3.869,3.902,388760090,1512958472,-0.000256213169356867
2022-10-18,3.924,3.93,3.887,3.895,431134380,1683477555,-0.0017939518195797532
2022-10-19,3.89,3.902,3.834,3.836,288162283,1112398864,-0.015147625160462197
2022-10-20,3.82,3.876,3.791,3.824,372305013,1422560648,-0.0031282586027111536
2022-10-21,3.837,3.839,3.784,3.802,327572110,1248398834,-0.005753138075313746
2022-10-24,3.799,3.833,3.686,3.704,629793970,2356237577,-0.025775907417148858
2022-10-25,3.692,3.739,3.661,3.688,823516971,3041126027,-0.004319654427645814
2022-10-26,3.69,3.768,3.689,3.716,686287021,2555494776,0.00759219088937102
2022-10-27,3.739,3.75,3.689,3.69,512397050,1906381171,-0.006996770721205636
2022-10-28,3.677,3.683,3.595,3.604,738137151,2686507817,-0.023306233062330595
2022-10-31,3.58,3.616,3.552,3.565,597656387,2139122276,-0.01082130965593786
2022-11-01,3.585,3.705,3.58,3.703,1069157204,3904744293,0.038709677419354716
2022-11-02,3.685,3.767,3.678,3.737,751646303,2800488062,0.009181744531461034
2022-11-03,3.717,3.732,3.689,3.707,488110710,1811025929,-0.008027829810008047
2022-11-04,3.705,3.851,3.704,3.834,1129245726,4301093449,0.03425950903695707
2022-11-07,3.81,3.855,3.809,3.834,534073373,2046292254,0.0
2022-11-08,3.834,3.843,3.787,3.811,801257895,3048899191,-0.005998956703182068
2022-11-09,3.811,3.824,3.767,3.771,520923983,1973017696,-0.010495932826029897
2022-11-10,3.75,3.766,3.727,3.75,506496368,1895277956,-0.005568814638027053
2022-11-11,3.842,3.898,3.81,3.848,1376702267,5298752150,0.026133333333333342
2022-11-14,3.898,3.919,3.84,3.85,850966866,3301268208,0.0005197505197505059
2022-11-15,3.842,3.934,3.835,3.925,767183469,2991368782,0.01948051948051943
2022-11-16,3.918,3.938,3.891,3.896,537797213,2102969877,-0.00738853503184711
2022-11-17,3.886,3.886,3.835,3.879,791622815,3054875919,-0.004363449691991761
2022-11-18,3.882,3.902,3.859,3.866,649194923,2516386318,-0.0033513792214487914
2022-11-21,3.837,3.837,3.79,3.833,518248908,1975747610,-0.008535954474909402
2022-11-22,3.827,3.871,3.805,3.831,649025638,2485266857,-0.0005217845030003332
2022-11-23,3.82,3.856,3.814,3.834,548791595,2103792365,0.000783085356303781
2022-11-24,3.85,3.868,3.81,3.816,482148926,1848016848,-0.0046948356807512415
2022-11-25,3.819,3.854,3.805,3.837,549215773,2105975532,0.005503144654088077
2022-11-28,3.772,3.799,3.73,3.792,626091449,2355441434,-0.011727912431587328
2022-11-29,3.814,3.917,3.814,3.908,720706845,2792262749,0.030590717299578074
2022-11-30,3.898,3.927,3.895,3.911,459485800,1796654800,0.0007676560900715668
2022-12-01,3.98,4.01,3.955,3.956,635412583,2528610659,0.011506008693428882
2022-12-02,3.955,3.964,3.931,3.933,1030421029,4066062110,-0.005813953488372103
2022-12-05,3.974,4.007,3.957,4.004,876177074,3492977853,0.01805237732011178
2022-12-06,3.992,4.05,3.988,4.027,765807260,3081714196,0.005744255744255966
2022-12-07,4.02,4.066,4.0,4.015,682075053,2745026152,-0.002979885771045576
2022-12-08,4.015,4.033,4.003,4.024,509409492,2047176131,0.0022415940224160824
2022-12-09,4.023,4.069,4.008,4.058,647455186,2613255569,0.008449304174950267
2022-12-12,4.045,4.045,4.012,4.016,466857524,1880206885,-0.010349926071956617
2022-12-13,4.018,4.028,4.0,4.005,363674333,1459236500,-0.0027390438247012483
2022-12-14,4.01,4.033,3.995,4.015,621907353,2495651006,0.0024968789013732895
2022-12-15,4.016,4.025,3.988,4.013,530751298,2126027806,-0.0004981320049812776
2022-12-16,4.011,4.026,3.992,4.017,908368692,3639862008,0.000996760528283236
2022-12-19,4.022,4.033,3.942,3.959,745196491,2965759177,-0.0144386357978592
2022-12-20,3.945,3.948,3.873,3.896,815565496,3188456650,-0.01591310937105339
2022-12-21,3.901,3.911,3.882,3.893,523055800,2038360701,-0.0007700205338809774
2022-12-22,3.916,3.944,3.881,3.901,687820977,2690306339,0.002054970459799632
2022-12-23,3.884,3.912,3.872,3.891,1084791027,4222061974,-0.0025634452704433874
2022-12-26,3.89,3.92,3.888,3.9,651193684,2542745278,0.0023130300693907646
2022-12-27,3.94,3.953,3.919,3.947,582048797,2292894562,0.012051282051282142
2022-12-28,3.939,3.945,3.917,3.934,649268983,2553573421,-0.003293640739802317
2022-12-29,3.919,3.933,3.896,3.922,721271003,2825957366,-0.0030503304524657215
2022-12-30,3.937,3.951,3.934,3.938,630228576,2485143924,0.004079551249362545
